fpi_program_name,fpi_al_number,submission_period,agency_identifier_name,budget_function,budget_subfunction,federal_account_symbol,federal_account_name,program_activity_code,program_activity_name,object_class_code,object_class_name,direct_or_reimbursable_funding_source,disaster_emergency_fund_code,disaster_emergency_fund_name,obligations_incurred,obligations_undelivered_orders_unpaid_total,obligations_undelivered_orders_unpaid_total_FYB,USSGL480100_undelivered_orders_obligations_unpaid,USSGL480100_undelivered_orders_obligations_unpaid_FYB,USSGL488100_upward_adj_prior_year_undeliv_orders_oblig_unpaid,obligations_delivered_orders_unpaid_total,obligations_delivered_orders_unpaid_total_FYB,USSGL490100_delivered_orders_obligations_unpaid,USSGL490100_delivered_orders_obligations_unpaid_FYB,USSGL498100_upward_adj_of_prior_year_deliv_orders_oblig_unpaid,gross_outlay_amount_FYB_to_period_end,gross_outlay_amount_FYB,gross_outlays_undelivered_orders_prepaid_total,gross_outlays_undelivered_orders_prepaid_total_FYB,USSGL480200_undelivered_orders_obligations_prepaid_advanced,USSGL480200_undelivered_orders_obligations_prepaid_advanced_FYB,USSGL488200_upward_adj_prior_year_undeliv_orders_oblig_prepaid,gross_outlays_delivered_orders_paid_total,gross_outlays_delivered_orders_paid_total_FYB,USSGL490200_delivered_orders_obligations_paid,USSGL490800_authority_outlayed_not_yet_disbursed,USSGL490800_authority_outlayed_not_yet_disbursed_FYB,USSGL498200_upward_adj_of_prior_year_deliv_orders_oblig_paid,deobligations_or_recoveries_or_refunds_from_prior_year,USSGL487100_downward_adj_prior_year_unpaid_undeliv_orders_oblig,USSGL497100_downward_adj_prior_year_unpaid_deliv_orders_oblig,USSGL487200_downward_adj_prior_year_prepaid_undeliv_order_oblig,USSGL497200_downward_adj_of_prior_year_paid_deliv_orders_oblig,USSGL483100_undelivered_orders_obligations_transferred_unpaid,USSGL493100_delivered_orders_obligations_transferred_unpaid,USSGL483200_undeliv_orders_oblig_transferred_prepaid_advanced,last_modified_date
heritage partnership,15.939,FY2025P08,Department of the Interior,Natural Resources and Environment,Recreational resources,014-1042,"National Recreation and Preservation, National Park Service, Interior",8,HERITAGE PARTNERSHIP PROGRAMS,11.1,Full-time permanent,D,Q,Not Designated Nonemergency/Emergency/Disaster/Wildfire Suppression,490148.85,0.0,0.0,0.0,0.0,0.0,0.0,0.0,0.0,25516.14,0.0,515664.99,0.0,0.0,0.0,0.0,0.0,0.0,515664.99,0.0,515664.99,0.0,0.0,0.0,0.0,0.0,0.0,0.0,0.0,0.0,0.0,0.0,2025-06-30
heritage partnership,15.939,FY2025P08,Department of the Interior,Natural Resources and Environment,Recreational resources,014-1042,"National Recreation and Preservation, National Park Service, Interior",8,HERITAGE PARTNERSHIP PROGRAMS,11.5,Other personnel compensation,D,Q,Not Designated Nonemergency/Emergency/Disaster/Wildfire Suppression,1304.8,0.0,0.0,0.0,0.0,0.0,0.0,0.0,0.0,0.0,0.0,1304.8,0.0,0.0,0.0,0.0,0.0,0.0,1304.8,0.0,1304.8,0.0,0.0,0.0,0.0,0.0,0.0,0.0,0.0,0.0,0.0,0.0,2025-06-30
heritage partnership,15.939,FY2025P08,Department of the Interior,Natural Resources and Environment,Recreational resources,014-1042,"National Recreation and Preservation, National Park Service, Interior",8,HERITAGE PARTNERSHIP PROGRAMS,12.1,Civilian personnel benefits,D,Q,Not Designated Nonemergency/Emergency/Disaster/Wildfire Suppression,171071.05,0.0,0.0,0.0,0.0,0.0,0.0,0.0,0.0,9745.45,0.0,180816.5,0.0,0.0,0.0,0.0,0.0,0.0,180816.5,0.0,180816.5,0.0,0.0,0.0,0.0,0.0,0.0,0.0,0.0,0.0,0.0,0.0,2025-06-30
heritage partnership,15.939,FY2025P08,Department of the Interior,Natural Resources and Environment,Recreational resources,014-1042,"National Recreation and Preservation, National Park Service, Interior",8,HERITAGE PARTNERSHIP PROGRAMS,21.0,Travel and transportation of persons,D,Q,Not Designated Nonemergency/Emergency/Disaster/Wildfire Suppression,22380.3,0.0,0.0,0.0,0.0,0.0,0.0,0.0,0.0,0.0,0.0,22380.3,0.0,0.0,0.0,0.0,0.0,0.0,22380.3,0.0,22380.3,0.0,0.0,0.0,0.0,0.0,0.0,0.0,0.0,0.0,0.0,0.0,2025-06-30
heritage partnership,15.939,FY2025P08,Department of the Interior,Natural Resources and Environment,Recreational resources,014-1042,"National Recreation and Preservation, National Park Service, Interior",8,HERITAGE PARTNERSHIP PROGRAMS,25.2,Other services from non-Federal sources,D,Q,Not Designated Nonemergency/Emergency/Disaster/Wildfire Suppression,2541.21,11542.72,40030.01,11542.72,40030.01,0.0,11296.06,11296.06,11296.06,14783.09,0.0,34515.53,0.0,0.0,0.0,0.0,0.0,0.0,34515.53,0.0,34515.53,0.0,0.0,0.0,0.0,0.0,0.0,0.0,0.0,0.0,0.0,0.0,2025-06-30
heritage partnership,15.939,FY2025P08,Department of the Interior,Natural Resources and Environment,Recreational resources,014-1042,"National Recreation and Preservation, National Park Service, Interior",8,HERITAGE PARTNERSHIP PROGRAMS,25.3,Other goods and services from Federal sources,D,Q,Not Designated Nonemergency/Emergency/Disaster/Wildfire Suppression,0.0,0.0,0.0,0.0,0.0,0.0,0.0,0.0,0.0,3360.0,0.0,3360.0,0.0,0.0,0.0,0.0,0.0,0.0,3360.0,0.0,3360.0,0.0,0.0,0.0,0.0,0.0,0.0,0.0,0.0,0.0,0.0,0.0,2025-06-30
heritage partnership,15.939,FY2025P08,Department of the Interior,Natural Resources and Environment,Recreational resources,014-1042,"National Recreation and Preservation, National Park Service, Interior",8,HERITAGE PARTNERSHIP PROGRAMS,26.0,Supplies and materials,D,Q,Not Designated Nonemergency/Emergency/Disaster/Wildfire Suppression,0.0,0.0,0.0,0.0,0.0,0.0,0.0,0.0,0.0,0.0,0.0,0.0,0.0,0.0,0.0,0.0,0.0,0.0,0.0,0.0,0.0,0.0,0.0,0.0,0.0,0.0,0.0,0.0,0.0,0.0,0.0,0.0,2025-06-30
heritage partnership,15.939,FY2025P08,Department of the Interior,Natural Resources and Environment,Recreational resources,014-1042,"National Recreation and Preservation, National Park Service, Interior",8,HERITAGE PARTNERSHIP PROGRAMS,41.0,"Grants, subsidies, and contributions",D,Q,Not Designated Nonemergency/Emergency/Disaster/Wildfire Suppression,4160929.0,13760632.37,30418067.8,13760632.37,30418067.8,0.0,2110962.0,2110962.0,2110962.0,3658679.5,0.0,22366081.93,0.0,0.0,0.0,0.0,0.0,0.0,22366081.93,0.0,22366081.93,0.0,0.0,0.0,-372607.49,-372607.49,0.0,0.0,0.0,0.0,0.0,0.0,2025-06-30
threatened and endangered species,15.246,FY2025P08,Department of the Interior,Natural Resources and Environment,Conservation and land management,014-1109,"Management of Lands and Resources, Bureau of Land Management, Interior",13,THREATENED AND ENDANGERED SPECIES,22.0,Transportation of things,D,Q,Not Designated Nonemergency/Emergency/Disaster/Wildfire Suppression,0.0,18805.5,18805.5,18805.5,18805.5,0.0,0.0,0.0,0.0,0.0,0.0,0.0,0.0,0.0,0.0,0.0,0.0,0.0,0.0,0.0,0.0,0.0,0.0,0.0,0.0,0.0,0.0,0.0,0.0,0.0,0.0,0.0,2025-06-30
threatened and endangered species,15.246,FY2025P08,Department of the Interior,Natural Resources and Environment,Conservation and land management,014-1109,"Management of Lands and Resources, Bureau of Land Management, Interior",13,THREATENED AND ENDANGERED SPECIES,25.2,Other services from non-Federal sources,D,Q,Not Designated Nonemergency/Emergency/Disaster/Wildfire Suppression,0.0,0.8,8597.16,0.8,8597.16,0.0,2456.0,2456.0,2456.0,2456.0,0.0,8596.36,0.0,0.0,0.0,0.0,0.0,0.0,8596.36,0.0,8596.36,0.0,0.0,0.0,-0.8,-0.8,0.0,0.0,0.0,0.0,0.0,0.0,2025-06-30
threatened and endangered species,15.246,FY2025P08,Department of the Interior,Natural Resources and Environment,Conservation and land management,014-1109,"Management of Lands and Resources, Bureau of Land Management, Interior",13,THREATENED AND ENDANGERED SPECIES,25.3,Other goods and services from Federal sources,D,Q,Not Designated Nonemergency/Emergency/Disaster/Wildfire Suppression,0.0,179405.04,227847.44,179405.04,227847.44,0.0,0.0,0.0,0.0,0.0,0.0,48442.4,0.0,0.0,0.0,0.0,0.0,0.0,48442.4,0.0,48442.4,0.0,0.0,0.0,-47.74,-47.74,0.0,0.0,0.0,0.0,0.0,0.0,2025-06-30
threatened and endangered species,15.246,FY2025P08,Department of the Interior,Natural Resources and Environment,Conservation and land management,014-1109,"Management of Lands and Resources, Bureau of Land Management, Interior",13,THREATENED AND ENDANGERED SPECIES,31.0,Equipment,D,Q,Not Designated Nonemergency/Emergency/Disaster/Wildfire Suppression,0.0,0.0,0.0,0.0,0.0,0.0,2.54,2.54,2.54,2.54,0.0,0.0,0.0,0.0,0.0,0.0,0.0,0.0,0.0,0.0,0.0,0.0,0.0,0.0,0.0,0.0,0.0,0.0,0.0,0.0,0.0,0.0,2025-06-30
threatened and endangered species,15.246,FY2025P08,Department of the Interior,Natural Resources and Environment,Conservation and land management,014-1109,"Management of Lands and Resources, Bureau of Land Management, Interior",13,THREATENED AND ENDANGERED SPECIES,41.0,"Grants, subsidies, and contributions",D,Q,Not Designated Nonemergency/Emergency/Disaster/Wildfire Suppression,0.0,0.0,7126.0,0.0,7126.0,0.0,0.0,0.0,0.0,0.0,0.0,7126.0,0.0,0.0,0.0,0.0,0.0,0.0,7126.0,0.0,7126.0,0.0,0.0,0.0,0.0,0.0,0.0,0.0,0.0,0.0,0.0,0.0,2025-06-30
cooperative landscape conservation,15.669,FY2025P08,Department of the Interior,Natural Resources and Environment,Conservation and land management,014-1611,"Resource Management, United States Fish and Wildlife Service, Interior",7,COOPERATIVE LANDSCAPE CONSERVATION,23.3,"Communications, utilities, and miscellaneous charges",D,Q,Not Designated Nonemergency/Emergency/Disaster/Wildfire Suppression,187.8,0.0,0.0,0.0,0.0,0.0,0.0,0.0,0.0,0.0,0.0,187.8,0.0,0.0,0.0,0.0,0.0,0.0,187.8,0.0,187.8,0.0,0.0,0.0,0.0,0.0,0.0,0.0,0.0,0.0,0.0,0.0,2025-06-30
cooperative landscape conservation,15.669,FY2025P08,Department of the Interior,Natural Resources and Environment,Conservation and land management,014-1611,"Resource Management, United States Fish and Wildlife Service, Interior",7,COOPERATIVE LANDSCAPE CONSERVATION,25.2,Other services from non-Federal sources,D,Q,Not Designated Nonemergency/Emergency/Disaster/Wildfire Suppression,0.0,15014.98,12827.3,15014.98,12827.3,0.0,0.0,0.0,0.0,2187.68,0.0,0.0,0.0,0.0,0.0,0.0,0.0,0.0,0.0,0.0,0.0,0.0,0.0,0.0,-15014.98,-15014.98,0.0,0.0,0.0,0.0,0.0,0.0,2025-06-30
cooperative landscape conservation,15.669,FY2025P08,Department of the Interior,Natural Resources and Environment,Conservation and land management,014-1611,"Resource Management, United States Fish and Wildlife Service, Interior",7,COOPERATIVE LANDSCAPE CONSERVATION,25.3,Other goods and services from Federal sources,D,Q,Not Designated Nonemergency/Emergency/Disaster/Wildfire Suppression,0.0,69999.56,196458.8,69999.56,196458.8,0.0,0.0,0.0,0.0,0.0,0.0,126459.24,0.0,0.0,0.0,0.0,0.0,0.0,126459.24,0.0,126459.24,0.0,0.0,0.0,0.0,0.0,0.0,0.0,0.0,0.0,0.0,0.0,2025-06-30
cooperative landscape conservation,15.669,FY2025P08,Department of the Interior,Natural Resources and Environment,Conservation and land management,014-1611,"Resource Management, United States Fish and Wildlife Service, Interior",7,COOPERATIVE LANDSCAPE CONSERVATION,41.0,"Grants, subsidies, and contributions",D,Q,Not Designated Nonemergency/Emergency/Disaster/Wildfire Suppression,0.0,440460.76,868158.56,440460.76,868158.56,0.0,0.0,0.0,0.0,58965.06,0.0,486662.86,0.0,0.0,0.0,0.0,0.0,0.0,486662.86,0.0,486662.86,0.0,0.0,0.0,0.0,0.0,0.0,0.0,0.0,0.0,0.0,0.0,2025-06-30
great lakes restoration,15.662,FY2025P08,Department of the Interior,Natural Resources and Environment,Conservation and land management,014-1611,"Resource Management, United States Fish and Wildlife Service, Interior",801,GREAT LAKES RESTORATION INITIATIVE,11.1,Full-time permanent,R,Q,Not Designated Nonemergency/Emergency/Disaster/Wildfire Suppression,5799800.85,0.0,0.0,0.0,0.0,0.0,0.0,0.0,0.0,0.0,0.0,5799800.85,0.0,0.0,0.0,0.0,0.0,0.0,5799800.85,0.0,5799800.85,0.0,0.0,0.0,0.0,0.0,0.0,0.0,0.0,0.0,0.0,0.0,2025-06-30
great lakes restoration,15.662,FY2025P08,Department of the Interior,Natural Resources and Environment,Conservation and land management,014-1611,"Resource Management, United States Fish and Wildlife Service, Interior",801,GREAT LAKES RESTORATION INITIATIVE,11.3,Other than full-time permanent,R,Q,Not Designated Nonemergency/Emergency/Disaster/Wildfire Suppression,942940.72,0.0,0.0,0.0,0.0,0.0,0.0,0.0,0.0,0.0,0.0,942940.72,0.0,0.0,0.0,0.0,0.0,0.0,942940.72,0.0,942940.72,0.0,0.0,0.0,0.0,0.0,0.0,0.0,0.0,0.0,0.0,0.0,2025-06-30
great lakes restoration,15.662,FY2025P08,Department of the Interior,Natural Resources and Environment,Conservation and land management,014-1611,"Resource Management, United States Fish and Wildlife Service, Interior",801,GREAT LAKES RESTORATION INITIATIVE,11.5,Other personnel compensation,R,Q,Not Designated Nonemergency/Emergency/Disaster/Wildfire Suppression,243122.17,0.0,0.0,0.0,0.0,0.0,0.0,0.0,0.0,0.0,0.0,243122.17,0.0,0.0,0.0,0.0,0.0,0.0,243122.17,0.0,243122.17,0.0,0.0,0.0,0.0,0.0,0.0,0.0,0.0,0.0,0.0,0.0,2025-06-30
great lakes restoration,15.662,FY2025P08,Department of the Interior,Natural Resources and Environment,Conservation and land management,014-1611,"Resource Management, United States Fish and Wildlife Service, Interior",801,GREAT LAKES RESTORATION INITIATIVE,12.1,Civilian personnel benefits,R,Q,Not Designated Nonemergency/Emergency/Disaster/Wildfire Suppression,2747844.44,0.0,0.0,0.0,0.0,0.0,0.0,0.0,0.0,0.0,0.0,2747844.44,0.0,0.0,0.0,0.0,0.0,0.0,2747844.44,0.0,2747844.44,0.0,0.0,0.0,0.0,0.0,0.0,0.0,0.0,0.0,0.0,0.0,2025-06-30
great lakes restoration,15.662,FY2025P08,Department of the Interior,Natural Resources and Environment,Conservation and land management,014-1611,"Resource Management, United States Fish and Wildlife Service, Interior",801,GREAT LAKES RESTORATION INITIATIVE,21.0,Travel and transportation of persons,R,Q,Not Designated Nonemergency/Emergency/Disaster/Wildfire Suppression,226534.66,0.0,0.0,0.0,0.0,0.0,435.0,435.0,435.0,0.0,0.0,226099.66,0.0,0.0,0.0,0.0,0.0,0.0,226099.66,0.0,226099.66,0.0,0.0,0.0,0.0,0.0,0.0,0.0,0.0,0.0,0.0,0.0,2025-06-30
great lakes restoration,15.662,FY2025P08,Department of the Interior,Natural Resources and Environment,Conservation and land management,014-1611,"Resource Management, United States Fish and Wildlife Service, Interior",801,GREAT LAKES RESTORATION INITIATIVE,22.0,Transportation of things,R,Q,Not Designated Nonemergency/Emergency/Disaster/Wildfire Suppression,47289.49,5676.1,40276.03,5676.1,40276.03,0.0,5225.0,5225.0,5225.0,295.0,0.0,76959.42,0.0,0.0,0.0,0.0,0.0,0.0,76959.42,0.0,76959.42,0.0,0.0,0.0,-200.0,-200.0,0.0,0.0,0.0,0.0,0.0,0.0,2025-06-30
great lakes restoration,15.662,FY2025P08,Department of the Interior,Natural Resources and Environment,Conservation and land management,014-1611,"Resource Management, United States Fish and Wildlife Service, Interior",801,GREAT LAKES RESTORATION INITIATIVE,23.2,Rental payments to others,R,Q,Not Designated Nonemergency/Emergency/Disaster/Wildfire Suppression,9.5,0.0,0.0,0.0,0.0,0.0,0.0,0.0,0.0,0.0,0.0,9.5,0.0,0.0,0.0,0.0,0.0,0.0,9.5,0.0,9.5,0.0,0.0,0.0,0.0,0.0,0.0,0.0,0.0,0.0,0.0,0.0,2025-06-30
great lakes restoration,15.662,FY2025P08,Department of the Interior,Natural Resources and Environment,Conservation and land management,014-1611,"Resource Management, United States Fish and Wildlife Service, Interior",801,GREAT LAKES RESTORATION INITIATIVE,23.3,"Communications, utilities, and miscellaneous charges",R,Q,Not Designated Nonemergency/Emergency/Disaster/Wildfire Suppression,179965.67,0.0,0.0,0.0,0.0,0.0,1714.89,1714.89,1714.89,0.0,0.0,178250.78,0.0,0.0,0.0,0.0,0.0,0.0,178250.78,0.0,178250.78,0.0,0.0,0.0,0.0,0.0,0.0,0.0,0.0,0.0,0.0,0.0,2025-06-30
great lakes restoration,15.662,FY2025P08,Department of the Interior,Natural Resources and Environment,Conservation and land management,014-1611,"Resource Management, United States Fish and Wildlife Service, Interior",801,GREAT LAKES RESTORATION INITIATIVE,24.0,Printing and reproduction,R,Q,Not Designated Nonemergency/Emergency/Disaster/Wildfire Suppression,57.01,0.0,0.0,0.0,0.0,0.0,0.0,0.0,0.0,0.0,0.0,57.01,0.0,0.0,0.0,0.0,0.0,0.0,57.01,0.0,57.01,0.0,0.0,0.0,0.0,0.0,0.0,0.0,0.0,0.0,0.0,0.0,2025-06-30
great lakes restoration,15.662,FY2025P08,Department of the Interior,Natural Resources and Environment,Conservation and land management,014-1611,"Resource Management, United States Fish and Wildlife Service, Interior",801,GREAT LAKES RESTORATION INITIATIVE,25.1,Advisory and assistance services,R,Q,Not Designated Nonemergency/Emergency/Disaster/Wildfire Suppression,37898.99,170872.3,331234.98,170872.3,331234.98,0.0,0.0,0.0,0.0,0.0,0.0,198261.67,0.0,0.0,0.0,0.0,0.0,0.0,198261.67,0.0,198261.67,0.0,0.0,0.0,0.0,0.0,0.0,0.0,0.0,0.0,0.0,0.0,2025-06-30
great lakes restoration,15.662,FY2025P08,Department of the Interior,Natural Resources and Environment,Conservation and land management,014-1611,"Resource Management, United States Fish and Wildlife Service, Interior",801,GREAT LAKES RESTORATION INITIATIVE,25.2,Other services from non-Federal sources,R,Q,Not Designated Nonemergency/Emergency/Disaster/Wildfire Suppression,1213337.26,1625746.3,1318482.07,1625746.3,1318482.07,0.0,0.0,0.0,0.0,0.0,0.0,906073.03,0.0,0.0,0.0,0.0,0.0,0.0,906073.03,0.0,906073.03,0.0,0.0,0.0,-35516.57,-35516.57,0.0,0.0,0.0,0.0,0.0,0.0,2025-06-30
great lakes restoration,15.662,FY2025P08,Department of the Interior,Natural Resources and Environment,Conservation and land management,014-1611,"Resource Management, United States Fish and Wildlife Service, Interior",801,GREAT LAKES RESTORATION INITIATIVE,25.3,Other goods and services from Federal sources,R,Q,Not Designated Nonemergency/Emergency/Disaster/Wildfire Suppression,511735.95,328485.83,1026166.91,328485.83,1026166.91,0.0,0.0,0.0,0.0,0.0,0.0,1209417.03,0.0,0.0,0.0,0.0,0.0,0.0,1209417.03,0.0,1209417.03,0.0,0.0,0.0,-39488.19,-39488.19,0.0,0.0,0.0,0.0,0.0,0.0,2025-06-30
great lakes restoration,15.662,FY2025P08,Department of the Interior,Natural Resources and Environment,Conservation and land management,014-1611,"Resource Management, United States Fish and Wildlife Service, Interior",801,GREAT LAKES RESTORATION INITIATIVE,25.4,Operation and maintenance of facilities,R,Q,Not Designated Nonemergency/Emergency/Disaster/Wildfire Suppression,13701.45,7975.0,22000.0,7975.0,22000.0,0.0,0.0,0.0,0.0,0.0,0.0,27726.45,0.0,0.0,0.0,0.0,0.0,0.0,27726.45,0.0,27726.45,0.0,0.0,0.0,-7975.0,-7975.0,0.0,0.0,0.0,0.0,0.0,0.0,2025-06-30
great lakes restoration,15.662,FY2025P08,Department of the Interior,Natural Resources and Environment,Conservation and land management,014-1611,"Resource Management, United States Fish and Wildlife Service, Interior",801,GREAT LAKES RESTORATION INITIATIVE,25.6,Medical care,R,Q,Not Designated Nonemergency/Emergency/Disaster/Wildfire Suppression,0.0,11190.0,11190.0,11190.0,11190.0,0.0,0.0,0.0,0.0,0.0,0.0,0.0,0.0,0.0,0.0,0.0,0.0,0.0,0.0,0.0,0.0,0.0,0.0,0.0,-11190.0,-11190.0,0.0,0.0,0.0,0.0,0.0,0.0,2025-06-30
great lakes restoration,15.662,FY2025P08,Department of the Interior,Natural Resources and Environment,Conservation and land management,014-1611,"Resource Management, United States Fish and Wildlife Service, Interior",801,GREAT LAKES RESTORATION INITIATIVE,25.7,Operation and maintenance of equipment,R,Q,Not Designated Nonemergency/Emergency/Disaster/Wildfire Suppression,102917.19,26539.93,39183.28,26539.93,39183.28,0.0,16338.64,16338.64,16338.64,0.0,0.0,99221.9,0.0,0.0,0.0,0.0,0.0,0.0,99221.9,0.0,99221.9,0.0,0.0,0.0,-0.01,-0.01,0.0,0.0,0.0,0.0,0.0,0.0,2025-06-30
great lakes restoration,15.662,FY2025P08,Department of the Interior,Natural Resources and Environment,Conservation and land management,014-1611,"Resource Management, United States Fish and Wildlife Service, Interior",801,GREAT LAKES RESTORATION INITIATIVE,26.0,Supplies and materials,R,Q,Not Designated Nonemergency/Emergency/Disaster/Wildfire Suppression,782672.93,71245.62,114339.5,71245.62,114339.5,0.0,41882.0,41882.0,41882.0,0.0,0.0,783884.81,0.0,0.0,0.0,0.0,0.0,0.0,783884.81,0.0,783884.81,0.0,0.0,0.0,-4030.0,-4030.0,0.0,0.0,0.0,0.0,0.0,0.0,2025-06-30
great lakes restoration,15.662,FY2025P08,Department of the Interior,Natural Resources and Environment,Conservation and land management,014-1611,"Resource Management, United States Fish and Wildlife Service, Interior",801,GREAT LAKES RESTORATION INITIATIVE,31.0,Equipment,R,Q,Not Designated Nonemergency/Emergency/Disaster/Wildfire Suppression,364139.5,180912.95,454622.58,180912.95,454622.58,0.0,0.0,0.0,0.0,0.0,0.0,637849.13,0.0,0.0,0.0,0.0,0.0,0.0,637849.13,0.0,637849.13,0.0,0.0,0.0,-19816.45,-19816.45,0.0,0.0,0.0,0.0,0.0,0.0,2025-06-30
great lakes restoration,15.662,FY2025P08,Department of the Interior,Natural Resources and Environment,Conservation and land management,014-1611,"Resource Management, United States Fish and Wildlife Service, Interior",801,GREAT LAKES RESTORATION INITIATIVE,32.0,Land and structures,R,Q,Not Designated Nonemergency/Emergency/Disaster/Wildfire Suppression,58209.7,2132543.0,3390405.03,2132543.0,3390405.03,0.0,8400.0,8400.0,8400.0,0.0,0.0,1307671.73,0.0,0.0,0.0,0.0,0.0,0.0,1307671.73,0.0,1307671.73,0.0,0.0,0.0,-23250.0,-23250.0,0.0,0.0,0.0,0.0,0.0,0.0,2025-06-30
great lakes restoration,15.662,FY2025P08,Department of the Interior,Natural Resources and Environment,Conservation and land management,014-1611,"Resource Management, United States Fish and Wildlife Service, Interior",801,GREAT LAKES RESTORATION INITIATIVE,41.0,"Grants, subsidies, and contributions",R,Q,Not Designated Nonemergency/Emergency/Disaster/Wildfire Suppression,4130659.64,60780020.52,86120386.86,60780020.52,86120386.86,0.0,0.0,0.0,0.0,0.0,0.0,29471025.98,0.0,1582.13,1582.13,1582.13,0.0,0.0,29469443.85,0.0,29469443.85,0.0,0.0,0.0,-76118.88,-76118.88,0.0,0.0,0.0,0.0,0.0,0.0,2025-06-30
highlands conservation,15.667,FY2025P08,Department of the Interior,Natural Resources and Environment,Conservation and land management,014-5020,"Land Acquisition, United States Fish and Wildlife Service",4,HIGHLANDS CONSERVATION ACT,11.1,Full-time permanent,D,Q,Not Designated Nonemergency/Emergency/Disaster/Wildfire Suppression,96423.02,0.0,0.0,0.0,0.0,0.0,3456.28,3456.28,3456.28,12417.14,0.0,105383.88,0.0,0.0,0.0,0.0,0.0,0.0,105383.88,0.0,105383.88,0.0,0.0,0.0,0.0,0.0,0.0,0.0,0.0,0.0,0.0,0.0,2025-06-30
highlands conservation,15.667,FY2025P08,Department of the Interior,Natural Resources and Environment,Conservation and land management,014-5020,"Land Acquisition, United States Fish and Wildlife Service",4,HIGHLANDS CONSERVATION ACT,11.3,Other than full-time permanent,D,Q,Not Designated Nonemergency/Emergency/Disaster/Wildfire Suppression,1333.26,0.0,0.0,0.0,0.0,0.0,38.98,38.98,38.98,1068.03,0.0,2362.31,0.0,0.0,0.0,0.0,0.0,0.0,2362.31,0.0,2362.31,0.0,0.0,0.0,0.0,0.0,0.0,0.0,0.0,0.0,0.0,0.0,2025-06-30
highlands conservation,15.667,FY2025P08,Department of the Interior,Natural Resources and Environment,Conservation and land management,014-5020,"Land Acquisition, United States Fish and Wildlife Service",4,HIGHLANDS CONSERVATION ACT,11.5,Other personnel compensation,D,Q,Not Designated Nonemergency/Emergency/Disaster/Wildfire Suppression,13597.0,0.0,0.0,0.0,0.0,0.0,0.0,0.0,0.0,0.0,0.0,13597.0,0.0,0.0,0.0,0.0,0.0,0.0,13597.0,0.0,13597.0,0.0,0.0,0.0,0.0,0.0,0.0,0.0,0.0,0.0,0.0,0.0,2025-06-30
highlands conservation,15.667,FY2025P08,Department of the Interior,Natural Resources and Environment,Conservation and land management,014-5020,"Land Acquisition, United States Fish and Wildlife Service",4,HIGHLANDS CONSERVATION ACT,12.1,Civilian personnel benefits,D,Q,Not Designated Nonemergency/Emergency/Disaster/Wildfire Suppression,39925.44,0.0,0.0,0.0,0.0,0.0,1364.49,1364.49,1364.49,5222.58,0.0,43783.53,0.0,0.0,0.0,0.0,0.0,0.0,43783.53,0.0,43783.53,0.0,0.0,0.0,0.0,0.0,0.0,0.0,0.0,0.0,0.0,0.0,2025-06-30
highlands conservation,15.667,FY2025P08,Department of the Interior,Natural Resources and Environment,Conservation and land management,014-5020,"Land Acquisition, United States Fish and Wildlife Service",4,HIGHLANDS CONSERVATION ACT,21.0,Travel and transportation of persons,D,Q,Not Designated Nonemergency/Emergency/Disaster/Wildfire Suppression,1231.76,0.0,0.0,0.0,0.0,0.0,0.0,0.0,0.0,0.0,0.0,1231.76,0.0,0.0,0.0,0.0,0.0,0.0,1231.76,0.0,1231.76,0.0,0.0,0.0,0.0,0.0,0.0,0.0,0.0,0.0,0.0,0.0,2025-06-30
highlands conservation,15.667,FY2025P08,Department of the Interior,Natural Resources and Environment,Conservation and land management,014-5020,"Land Acquisition, United States Fish and Wildlife Service",4,HIGHLANDS CONSERVATION ACT,23.3,"Communications, utilities, and miscellaneous charges",D,Q,Not Designated Nonemergency/Emergency/Disaster/Wildfire Suppression,30.37,0.0,0.0,0.0,0.0,0.0,0.0,0.0,0.0,0.0,0.0,30.37,0.0,0.0,0.0,0.0,0.0,0.0,30.37,0.0,30.37,0.0,0.0,0.0,0.0,0.0,0.0,0.0,0.0,0.0,0.0,0.0,2025-06-30
highlands conservation,15.667,FY2025P08,Department of the Interior,Natural Resources and Environment,Conservation and land management,014-5020,"Land Acquisition, United States Fish and Wildlife Service",4,HIGHLANDS CONSERVATION ACT,25.2,Other services from non-Federal sources,D,Q,Not Designated Nonemergency/Emergency/Disaster/Wildfire Suppression,76707.74,51026.19,2135.75,51026.19,2135.75,0.0,0.0,0.0,0.0,364.25,0.0,28181.55,0.0,0.0,0.0,0.0,0.0,0.0,28181.55,0.0,28181.55,0.0,0.0,0.0,-2.19,-2.19,0.0,0.0,0.0,0.0,0.0,0.0,2025-06-30
highlands conservation,15.667,FY2025P08,Department of the Interior,Natural Resources and Environment,Conservation and land management,014-5020,"Land Acquisition, United States Fish and Wildlife Service",4,HIGHLANDS CONSERVATION ACT,25.3,Other goods and services from Federal sources,D,Q,Not Designated Nonemergency/Emergency/Disaster/Wildfire Suppression,345.0,0.0,0.0,0.0,0.0,0.0,0.0,0.0,0.0,0.0,0.0,345.0,0.0,0.0,0.0,0.0,0.0,0.0,345.0,0.0,345.0,0.0,0.0,0.0,0.0,0.0,0.0,0.0,0.0,0.0,0.0,0.0,2025-06-30
highlands conservation,15.667,FY2025P08,Department of the Interior,Natural Resources and Environment,Conservation and land management,014-5020,"Land Acquisition, United States Fish and Wildlife Service",4,HIGHLANDS CONSERVATION ACT,26.0,Supplies and materials,D,Q,Not Designated Nonemergency/Emergency/Disaster/Wildfire Suppression,72.11,0.0,0.0,0.0,0.0,0.0,0.0,0.0,0.0,0.0,0.0,72.11,0.0,0.0,0.0,0.0,0.0,0.0,72.11,0.0,72.11,0.0,0.0,0.0,0.0,0.0,0.0,0.0,0.0,0.0,0.0,0.0,2025-06-30
highlands conservation,15.667,FY2025P08,Department of the Interior,Natural Resources and Environment,Conservation and land management,014-5020,"Land Acquisition, United States Fish and Wildlife Service",4,HIGHLANDS CONSERVATION ACT,41.0,"Grants, subsidies, and contributions",D,Q,Not Designated Nonemergency/Emergency/Disaster/Wildfire Suppression,4053448.0,50249685.82,48288912.89,50249685.82,48288912.89,0.0,0.0,0.0,0.0,3279768.11,0.0,5372443.18,0.0,0.0,0.0,0.0,0.0,0.0,5372443.18,0.0,5372443.18,0.0,0.0,0.0,-440130.0,-440130.0,0.0,0.0,0.0,0.0,0.0,0.0,2025-06-30
american battlefield protection,15.926,FY2025P08,Department of the Interior,Natural Resources and Environment,Recreational resources,014-5035,"Land Acquisition and State Assistance, National Park Service",8,GAOA - AMERICAN BATTLEFIELD PROTECTION PROGRAM,11.1,Full-time permanent,D,Q,Not Designated Nonemergency/Emergency/Disaster/Wildfire Suppression,111152.3,0.0,0.0,0.0,0.0,0.0,0.0,0.0,0.0,22620.16,0.0,133772.46,0.0,0.0,0.0,0.0,0.0,0.0,133772.46,0.0,133772.46,0.0,0.0,0.0,0.0,0.0,0.0,0.0,0.0,0.0,0.0,0.0,2025-06-30
american battlefield protection,15.926,FY2025P08,Department of the Interior,Natural Resources and Environment,Recreational resources,014-5035,"Land Acquisition and State Assistance, National Park Service",8,GAOA - AMERICAN BATTLEFIELD PROTECTION PROGRAM,11.3,Other than full-time permanent,D,Q,Not Designated Nonemergency/Emergency/Disaster/Wildfire Suppression,103688.0,0.0,0.0,0.0,0.0,0.0,0.0,0.0,0.0,0.0,0.0,103688.0,0.0,0.0,0.0,0.0,0.0,0.0,103688.0,0.0,103688.0,0.0,0.0,0.0,0.0,0.0,0.0,0.0,0.0,0.0,0.0,0.0,2025-06-30
american battlefield protection,15.926,FY2025P08,Department of the Interior,Natural Resources and Environment,Recreational resources,014-5035,"Land Acquisition and State Assistance, National Park Service",8,GAOA - AMERICAN BATTLEFIELD PROTECTION PROGRAM,12.1,Civilian personnel benefits,D,Q,Not Designated Nonemergency/Emergency/Disaster/Wildfire Suppression,87803.54,0.0,0.0,0.0,0.0,0.0,0.0,0.0,0.0,9228.37,0.0,97031.91,0.0,0.0,0.0,0.0,0.0,0.0,97031.91,0.0,97031.91,0.0,0.0,0.0,0.0,0.0,0.0,0.0,0.0,0.0,0.0,0.0,2025-06-30
american battlefield protection,15.926,FY2025P08,Department of the Interior,Natural Resources and Environment,Recreational resources,014-5035,"Land Acquisition and State Assistance, National Park Service",8,GAOA - AMERICAN BATTLEFIELD PROTECTION PROGRAM,25.2,Other services from non-Federal sources,D,Q,Not Designated Nonemergency/Emergency/Disaster/Wildfire Suppression,0.0,11863.73,41143.2,11863.73,41143.2,0.0,11610.21,11610.21,11610.21,15194.2,0.0,32863.46,0.0,0.0,0.0,0.0,0.0,0.0,32863.46,0.0,32863.46,0.0,0.0,0.0,0.0,0.0,0.0,0.0,0.0,0.0,0.0,0.0,2025-06-30
american battlefield protection,15.926,FY2025P08,Department of the Interior,Natural Resources and Environment,Recreational resources,014-5035,"Land Acquisition and State Assistance, National Park Service",8,GAOA - AMERICAN BATTLEFIELD PROTECTION PROGRAM,41.0,"Grants, subsidies, and contributions",D,Q,Not Designated Nonemergency/Emergency/Disaster/Wildfire Suppression,5511219.34,2025621.7,10174593.9,2025621.7,10174593.9,0.0,311506.93,311506.93,311506.93,1225511.34,0.0,14574195.95,0.0,0.0,0.0,0.0,0.0,0.0,14574195.95,0.0,14574195.95,0.0,0.0,0.0,-50000.0,-50000.0,0.0,0.0,0.0,0.0,0.0,0.0,2025-06-30
save america's treasures,15.929,FY2025P08,Department of the Interior,Natural Resources and Environment,Recreational resources,014-5140,"Historic Preservation Fund, National Park Service",2,SAVE AMERICA'S TREASURES GRANTS,25.2,Other services from non-Federal sources,D,Q,Not Designated Nonemergency/Emergency/Disaster/Wildfire Suppression,25740.0,97034.67,156181.79,97034.67,156181.79,0.0,15780.0,15780.0,15780.0,2760.0,0.0,71867.12,0.0,0.0,0.0,0.0,0.0,0.0,71867.12,0.0,71867.12,0.0,0.0,0.0,-2760.0,0.0,-2760.0,0.0,0.0,0.0,0.0,0.0,2025-06-30
save america's treasures,15.929,FY2025P08,Department of the Interior,Natural Resources and Environment,Recreational resources,014-5140,"Historic Preservation Fund, National Park Service",2,SAVE AMERICA'S TREASURES GRANTS,25.3,Other goods and services from Federal sources,D,Q,Not Designated Nonemergency/Emergency/Disaster/Wildfire Suppression,0.0,149650.56,149650.56,149650.56,149650.56,0.0,0.0,0.0,0.0,0.0,0.0,0.0,0.0,0.0,0.0,0.0,0.0,0.0,0.0,0.0,0.0,0.0,0.0,0.0,-149650.56,-149650.56,0.0,0.0,0.0,0.0,0.0,0.0,2025-06-30
save america's treasures,15.929,FY2025P08,Department of the Interior,Natural Resources and Environment,Recreational resources,014-5140,"Historic Preservation Fund, National Park Service",2,SAVE AMERICA'S TREASURES GRANTS,41.0,"Grants, subsidies, and contributions",D,Q,Not Designated Nonemergency/Emergency/Disaster/Wildfire Suppression,0.0,36044243.29,50508354.3,36044243.29,50508354.3,0.0,5126404.48,5126404.48,5126404.48,5757803.48,0.0,15095510.01,0.0,0.0,0.0,0.0,0.0,0.0,15095510.01,0.0,15095510.01,0.0,0.0,0.0,-812.52,-812.52,0.0,0.0,0.0,0.0,0.0,0.0,2025-06-30
state wildlife grants,15.634,FY2025P08,Department of the Interior,Natural Resources and Environment,Conservation and land management,014-5474,"State and Tribal Wildlife Grants, U.S. Fish and Wildlife Service",1,STATE WILDLIFE GRANTS,41.0,"Grants, subsidies, and contributions",D,Q,Not Designated Nonemergency/Emergency/Disaster/Wildfire Suppression,9477098.07,82404459.78,108211903.21,82404459.78,108211903.21,0.0,0.0,0.0,0.0,7349719.21,0.0,42634260.71,0.0,0.0,0.0,0.0,0.0,0.0,42634260.71,0.0,42634260.71,0.0,0.0,0.0,-3038380.64,-3038380.64,0.0,0.0,0.0,0.0,0.0,0.0,2025-06-30
tribal wildlife grants,15.639,FY2025P08,Department of the Interior,Natural Resources and Environment,Conservation and land management,014-5474,"State and Tribal Wildlife Grants, U.S. Fish and Wildlife Service",3,TRIBAL WILDLIFE GRANTS,41.0,"Grants, subsidies, and contributions",D,Q,Not Designated Nonemergency/Emergency/Disaster/Wildfire Suppression,3524592.77,10663255.88,10983289.09,10663255.88,10983289.09,0.0,0.0,0.0,0.0,745981.62,0.0,4590607.6,0.0,0.0,0.0,0.0,0.0,0.0,4590607.6,0.0,4590607.6,0.0,0.0,0.0,-224093.48,-224093.48,0.0,0.0,0.0,0.0,0.0,0.0,2025-06-30
san gabriel basin restoration,15.526,FY2025P08,Department of the Interior,Natural Resources and Environment,Water resources,014-5483,"San Gabriel Basin Restoration Fund, Bureau of Reclamation",1,SAN GABRIEL BASIN RESTORATION FUND (DIRECT),11.1,Full-time permanent,D,Q,Not Designated Nonemergency/Emergency/Disaster/Wildfire Suppression,2209.47,0.0,0.0,0.0,0.0,0.0,0.0,0.0,0.0,0.0,0.0,2209.47,0.0,0.0,0.0,0.0,0.0,0.0,2209.47,0.0,2209.47,0.0,0.0,0.0,0.0,0.0,0.0,0.0,0.0,0.0,0.0,0.0,2025-06-30
san gabriel basin restoration,15.526,FY2025P08,Department of the Interior,Natural Resources and Environment,Water resources,014-5483,"San Gabriel Basin Restoration Fund, Bureau of Reclamation",1,SAN GABRIEL BASIN RESTORATION FUND (DIRECT),12.1,Civilian personnel benefits,D,Q,Not Designated Nonemergency/Emergency/Disaster/Wildfire Suppression,609.42,0.0,0.0,0.0,0.0,0.0,0.0,0.0,0.0,0.0,0.0,609.42,0.0,0.0,0.0,0.0,0.0,0.0,609.42,0.0,609.42,0.0,0.0,0.0,0.0,0.0,0.0,0.0,0.0,0.0,0.0,0.0,2025-06-30
san gabriel basin restoration,15.526,FY2025P08,Department of the Interior,Natural Resources and Environment,Water resources,014-5483,"San Gabriel Basin Restoration Fund, Bureau of Reclamation",1,SAN GABRIEL BASIN RESTORATION FUND (DIRECT),25.2,Other services from non-Federal sources,D,Q,Not Designated Nonemergency/Emergency/Disaster/Wildfire Suppression,117.33,0.0,0.0,0.0,0.0,0.0,0.0,0.0,0.0,0.0,0.0,117.33,0.0,0.0,0.0,0.0,0.0,0.0,117.33,0.0,117.33,0.0,0.0,0.0,0.0,0.0,0.0,0.0,0.0,0.0,0.0,0.0,2025-06-30
san gabriel basin restoration,15.526,FY2025P08,Department of the Interior,Natural Resources and Environment,Water resources,014-5483,"San Gabriel Basin Restoration Fund, Bureau of Reclamation",1,SAN GABRIEL BASIN RESTORATION FUND (DIRECT),25.3,Other goods and services from Federal sources,D,Q,Not Designated Nonemergency/Emergency/Disaster/Wildfire Suppression,1878.41,0.0,0.0,0.0,0.0,0.0,0.0,0.0,0.0,0.0,0.0,1878.41,0.0,0.0,0.0,0.0,0.0,0.0,1878.41,0.0,1878.41,0.0,0.0,0.0,0.0,0.0,0.0,0.0,0.0,0.0,0.0,0.0,2025-06-30
sport fish restoration,15.605,FY2025P08,Department of the Interior,Natural Resources and Environment,Recreational resources,014-8151,"Sport Fish Restoration Account, United States Fish and Wildlife Service",1,PAYMENTS TO STATES FOR SPORT FISH RESTORATION,41.0,"Grants, subsidies, and contributions",D,Q,Not Designated Nonemergency/Emergency/Disaster/Wildfire Suppression,160926563.42,340281775.5,445673507.86,340281775.5,445673507.86,0.0,0.0,0.0,0.0,30270007.63,0.0,296588303.41,0.0,2981.8,2981.8,2981.8,0.0,0.0,296585321.61,0.0,296585321.61,0.0,0.0,0.0,-22128982.24,-22128982.24,0.0,0.0,0.0,0.0,0.0,0.0,2025-06-30
coastal,15.630,FY2025P08,Department of the Interior,Natural Resources and Environment,Recreational resources,014-8151,"Sport Fish Restoration Account, United States Fish and Wildlife Service",4,COASTAL WETLANDS CONSERVATION GRANTS,41.0,"Grants, subsidies, and contributions",D,Q,Not Designated Nonemergency/Emergency/Disaster/Wildfire Suppression,9021700.0,38105126.23,40232542.7,38105126.23,40232542.7,0.0,0.0,0.0,0.0,2732581.94,0.0,13881698.41,0.0,0.0,0.0,0.0,0.0,0.0,13881698.41,0.0,13881698.41,0.0,0.0,0.0,-1078870.4,-1078870.4,0.0,0.0,0.0,0.0,0.0,0.0,2025-06-30
heritage partnership,15.939,FY2024P12,Department of the Interior,Natural Resources and Environment,Recreational resources,014-1042,"National Recreation and Preservation, National Park Service, Interior",8,HERITAGE PARTNERSHIP PROGRAMS,11.1,Full-time permanent,D,Q,Not Designated Nonemergency/Emergency/Disaster/Wildfire Suppression,663232.92,0.0,0.0,0.0,0.0,0.0,25516.14,25516.14,25516.14,26830.7,0.0,664547.48,0.0,0.0,0.0,0.0,0.0,0.0,664547.48,0.0,664547.48,0.0,0.0,0.0,0.0,0.0,0.0,0.0,0.0,0.0,0.0,0.0,2024-11-15
heritage partnership,15.939,FY2024P12,Department of the Interior,Natural Resources and Environment,Recreational resources,014-1042,"National Recreation and Preservation, National Park Service, Interior",8,HERITAGE PARTNERSHIP PROGRAMS,11.5,Other personnel compensation,D,Q,Not Designated Nonemergency/Emergency/Disaster/Wildfire Suppression,11050.0,0.0,1000.0,0.0,1000.0,0.0,0.0,0.0,0.0,0.0,0.0,12050.0,0.0,0.0,0.0,0.0,0.0,0.0,12050.0,0.0,12050.0,0.0,0.0,0.0,0.0,0.0,0.0,0.0,0.0,0.0,0.0,0.0,2024-11-15
heritage partnership,15.939,FY2024P12,Department of the Interior,Natural Resources and Environment,Recreational resources,014-1042,"National Recreation and Preservation, National Park Service, Interior",8,HERITAGE PARTNERSHIP PROGRAMS,12.1,Civilian personnel benefits,D,Q,Not Designated Nonemergency/Emergency/Disaster/Wildfire Suppression,228970.92,0.0,0.0,0.0,0.0,0.0,9745.45,9745.45,9745.45,10082.34,0.0,229307.81,0.0,0.0,0.0,0.0,0.0,0.0,229307.81,0.0,229307.81,0.0,0.0,0.0,0.0,0.0,0.0,0.0,0.0,0.0,0.0,0.0,2024-11-15
heritage partnership,15.939,FY2024P12,Department of the Interior,Natural Resources and Environment,Recreational resources,014-1042,"National Recreation and Preservation, National Park Service, Interior",8,HERITAGE PARTNERSHIP PROGRAMS,21.0,Travel and transportation of persons,D,Q,Not Designated Nonemergency/Emergency/Disaster/Wildfire Suppression,22907.42,0.0,0.0,0.0,0.0,0.0,0.0,0.0,0.0,1860.15,0.0,24767.57,0.0,0.0,0.0,0.0,0.0,0.0,24767.57,0.0,24767.57,0.0,0.0,0.0,0.0,0.0,0.0,0.0,0.0,0.0,0.0,0.0,2024-11-15
heritage partnership,15.939,FY2024P12,Department of the Interior,Natural Resources and Environment,Recreational resources,014-1042,"National Recreation and Preservation, National Park Service, Interior",8,HERITAGE PARTNERSHIP PROGRAMS,24.0,Printing and reproduction,D,Q,Not Designated Nonemergency/Emergency/Disaster/Wildfire Suppression,-35000.0,0.0,0.0,0.0,0.0,0.0,0.0,0.0,0.0,35000.0,0.0,0.0,0.0,0.0,0.0,0.0,0.0,0.0,0.0,0.0,0.0,0.0,0.0,0.0,0.0,0.0,0.0,0.0,0.0,0.0,0.0,0.0,2024-11-15
heritage partnership,15.939,FY2024P12,Department of the Interior,Natural Resources and Environment,Recreational resources,014-1042,"National Recreation and Preservation, National Park Service, Interior",8,HERITAGE PARTNERSHIP PROGRAMS,25.2,Other services from non-Federal sources,D,Q,Not Designated Nonemergency/Emergency/Disaster/Wildfire Suppression,53968.32,40030.01,0.0,40030.01,0.0,0.0,14783.09,14783.09,14783.09,0.0,0.0,-844.78,0.0,0.0,0.0,0.0,0.0,0.0,-844.78,0.0,-844.78,0.0,0.0,0.0,0.0,0.0,0.0,0.0,0.0,0.0,0.0,0.0,2024-11-15
heritage partnership,15.939,FY2024P12,Department of the Interior,Natural Resources and Environment,Recreational resources,014-1042,"National Recreation and Preservation, National Park Service, Interior",8,HERITAGE PARTNERSHIP PROGRAMS,25.3,Other goods and services from Federal sources,D,Q,Not Designated Nonemergency/Emergency/Disaster/Wildfire Suppression,3656.0,0.0,0.0,0.0,0.0,0.0,3360.0,3360.0,3360.0,0.0,0.0,296.0,0.0,0.0,0.0,0.0,0.0,0.0,296.0,0.0,296.0,0.0,0.0,0.0,0.0,0.0,0.0,0.0,0.0,0.0,0.0,0.0,2024-11-15
heritage partnership,15.939,FY2024P12,Department of the Interior,Natural Resources and Environment,Recreational resources,014-1042,"National Recreation and Preservation, National Park Service, Interior",8,HERITAGE PARTNERSHIP PROGRAMS,26.0,Supplies and materials,D,Q,Not Designated Nonemergency/Emergency/Disaster/Wildfire Suppression,527.22,0.0,0.0,0.0,0.0,0.0,0.0,0.0,0.0,0.0,0.0,527.22,0.0,0.0,0.0,0.0,0.0,0.0,527.22,0.0,527.22,0.0,0.0,0.0,0.0,0.0,0.0,0.0,0.0,0.0,0.0,0.0,2024-11-15
heritage partnership,15.939,FY2024P12,Department of the Interior,Natural Resources and Environment,Recreational resources,014-1042,"National Recreation and Preservation, National Park Service, Interior",8,HERITAGE PARTNERSHIP PROGRAMS,31.0,Equipment,D,Q,Not Designated Nonemergency/Emergency/Disaster/Wildfire Suppression,359.81,0.0,0.0,0.0,0.0,0.0,0.0,0.0,0.0,0.0,0.0,359.81,0.0,0.0,0.0,0.0,0.0,0.0,359.81,0.0,359.81,0.0,0.0,0.0,0.0,0.0,0.0,0.0,0.0,0.0,0.0,0.0,2024-11-15
heritage partnership,15.939,FY2024P12,Department of the Interior,Natural Resources and Environment,Recreational resources,014-1042,"National Recreation and Preservation, National Park Service, Interior",8,HERITAGE PARTNERSHIP PROGRAMS,41.0,"Grants, subsidies, and contributions",D,Q,Not Designated Nonemergency/Emergency/Disaster/Wildfire Suppression,28249539.0,30429450.37,26580065.55,30429450.37,26580065.55,0.0,3658679.5,3658679.5,3658679.5,3278466.84,0.0,24019941.52,0.0,0.0,0.0,0.0,0.0,0.0,24019941.52,0.0,24019941.52,0.0,0.0,0.0,-11382.57,-11382.57,0.0,0.0,0.0,0.0,0.0,0.0,2024-11-15
threatened and endangered species,15.246,FY2024P12,Department of the Interior,Natural Resources and Environment,Conservation and land management,014-1109,"Management of Lands and Resources, Bureau of Land Management, Interior",13,THREATENED AND ENDANGERED SPECIES,11.1,Full-time permanent,D,Q,Not Designated Nonemergency/Emergency/Disaster/Wildfire Suppression,94509.41,0.0,0.0,0.0,0.0,0.0,0.0,0.0,0.0,0.0,0.0,94509.41,0.0,0.0,0.0,0.0,0.0,0.0,94509.41,0.0,94509.41,0.0,0.0,0.0,0.0,0.0,0.0,0.0,0.0,0.0,0.0,0.0,2024-11-15
threatened and endangered species,15.246,FY2024P12,Department of the Interior,Natural Resources and Environment,Conservation and land management,014-1109,"Management of Lands and Resources, Bureau of Land Management, Interior",13,THREATENED AND ENDANGERED SPECIES,12.1,Civilian personnel benefits,D,Q,Not Designated Nonemergency/Emergency/Disaster/Wildfire Suppression,29635.21,0.0,0.0,0.0,0.0,0.0,0.0,0.0,0.0,0.0,0.0,29635.21,0.0,0.0,0.0,0.0,0.0,0.0,29635.21,0.0,29635.21,0.0,0.0,0.0,0.0,0.0,0.0,0.0,0.0,0.0,0.0,0.0,2024-11-15
threatened and endangered species,15.246,FY2024P12,Department of the Interior,Natural Resources and Environment,Conservation and land management,014-1109,"Management of Lands and Resources, Bureau of Land Management, Interior",13,THREATENED AND ENDANGERED SPECIES,21.0,Travel and transportation of persons,D,Q,Not Designated Nonemergency/Emergency/Disaster/Wildfire Suppression,2709.19,0.0,0.0,0.0,0.0,0.0,0.0,0.0,0.0,0.0,0.0,2709.19,0.0,0.0,0.0,0.0,0.0,0.0,2709.19,0.0,2709.19,0.0,0.0,0.0,0.0,0.0,0.0,0.0,0.0,0.0,0.0,0.0,2024-11-15
threatened and endangered species,15.246,FY2024P12,Department of the Interior,Natural Resources and Environment,Conservation and land management,014-1109,"Management of Lands and Resources, Bureau of Land Management, Interior",13,THREATENED AND ENDANGERED SPECIES,22.0,Transportation of things,D,Q,Not Designated Nonemergency/Emergency/Disaster/Wildfire Suppression,134500.0,18805.5,0.0,18805.5,0.0,0.0,0.0,0.0,0.0,0.0,0.0,115694.5,0.0,0.0,0.0,0.0,0.0,0.0,115694.5,0.0,115694.5,0.0,0.0,0.0,0.0,0.0,0.0,0.0,0.0,0.0,0.0,0.0,2024-11-15
threatened and endangered species,15.246,FY2024P12,Department of the Interior,Natural Resources and Environment,Conservation and land management,014-1109,"Management of Lands and Resources, Bureau of Land Management, Interior",13,THREATENED AND ENDANGERED SPECIES,23.1,Rental payments to GSA,D,Q,Not Designated Nonemergency/Emergency/Disaster/Wildfire Suppression,45.74,0.0,0.0,0.0,0.0,0.0,0.0,0.0,0.0,0.0,0.0,45.74,0.0,0.0,0.0,0.0,0.0,0.0,45.74,0.0,45.74,0.0,0.0,0.0,0.0,0.0,0.0,0.0,0.0,0.0,0.0,0.0,2024-11-15
threatened and endangered species,15.246,FY2024P12,Department of the Interior,Natural Resources and Environment,Conservation and land management,014-1109,"Management of Lands and Resources, Bureau of Land Management, Interior",13,THREATENED AND ENDANGERED SPECIES,23.3,"Communications, utilities, and miscellaneous charges",D,Q,Not Designated Nonemergency/Emergency/Disaster/Wildfire Suppression,148.48,148.47,-0.26,148.47,-0.26,0.0,0.0,0.0,0.0,0.0,0.0,-0.25,0.26,0.0,0.0,0.0,0.26,0.0,0.01,0.0,0.01,0.0,0.0,0.0,-148.47,-148.47,0.0,0.0,0.0,0.0,0.0,0.0,2024-11-15
threatened and endangered species,15.246,FY2024P12,Department of the Interior,Natural Resources and Environment,Conservation and land management,014-1109,"Management of Lands and Resources, Bureau of Land Management, Interior",13,THREATENED AND ENDANGERED SPECIES,25.1,Advisory and assistance services,D,Q,Not Designated Nonemergency/Emergency/Disaster/Wildfire Suppression,0.0,45.74,45.74,45.74,45.74,0.0,0.0,0.0,0.0,0.0,0.0,0.0,0.0,0.0,0.0,0.0,0.0,0.0,0.0,0.0,0.0,0.0,0.0,0.0,-45.74,-45.74,0.0,0.0,0.0,0.0,0.0,0.0,2024-11-15
threatened and endangered species,15.246,FY2024P12,Department of the Interior,Natural Resources and Environment,Conservation and land management,014-1109,"Management of Lands and Resources, Bureau of Land Management, Interior",13,THREATENED AND ENDANGERED SPECIES,25.2,Other services from non-Federal sources,D,Q,Not Designated Nonemergency/Emergency/Disaster/Wildfire Suppression,254.9,179026.58,202898.26,179026.58,202898.26,0.0,2644.91,2644.91,2644.91,2644.91,0.0,24126.58,188.91,188.91,188.91,188.91,188.91,0.0,24126.58,0.0,24126.58,0.0,0.0,0.0,-170618.33,-170618.33,0.0,0.0,0.0,0.0,0.0,0.0,2024-11-15
threatened and endangered species,15.246,FY2024P12,Department of the Interior,Natural Resources and Environment,Conservation and land management,014-1109,"Management of Lands and Resources, Bureau of Land Management, Interior",13,THREATENED AND ENDANGERED SPECIES,25.3,Other goods and services from Federal sources,D,Q,Not Designated Nonemergency/Emergency/Disaster/Wildfire Suppression,20.03,309712.82,316969.07,309712.82,316969.07,0.0,0.0,0.0,0.0,0.0,0.0,7276.28,0.0,0.0,0.0,0.0,0.0,0.0,7276.28,0.0,7276.28,0.0,0.0,0.0,-81865.38,-81865.38,0.0,0.0,0.0,0.0,0.0,0.0,2024-11-15
threatened and endangered species,15.246,FY2024P12,Department of the Interior,Natural Resources and Environment,Conservation and land management,014-1109,"Management of Lands and Resources, Bureau of Land Management, Interior",13,THREATENED AND ENDANGERED SPECIES,25.7,Operation and maintenance of equipment,D,Q,Not Designated Nonemergency/Emergency/Disaster/Wildfire Suppression,2647.28,0.0,0.0,0.0,0.0,0.0,0.0,0.0,0.0,0.0,0.0,2647.28,0.0,0.0,0.0,0.0,0.0,0.0,2647.28,0.0,2647.28,0.0,0.0,0.0,0.0,0.0,0.0,0.0,0.0,0.0,0.0,0.0,2024-11-15
threatened and endangered species,15.246,FY2024P12,Department of the Interior,Natural Resources and Environment,Conservation and land management,014-1109,"Management of Lands and Resources, Bureau of Land Management, Interior",13,THREATENED AND ENDANGERED SPECIES,26.0,Supplies and materials,D,Q,Not Designated Nonemergency/Emergency/Disaster/Wildfire Suppression,99.04,0.0,0.0,0.0,0.0,0.0,0.0,0.0,0.0,0.0,0.0,99.04,0.0,0.0,0.0,0.0,0.0,0.0,99.04,0.0,99.04,0.0,0.0,0.0,0.0,0.0,0.0,0.0,0.0,0.0,0.0,0.0,2024-11-15
threatened and endangered species,15.246,FY2024P12,Department of the Interior,Natural Resources and Environment,Conservation and land management,014-1109,"Management of Lands and Resources, Bureau of Land Management, Interior",13,THREATENED AND ENDANGERED SPECIES,31.0,Equipment,D,Q,Not Designated Nonemergency/Emergency/Disaster/Wildfire Suppression,0.0,188.91,0.0,188.91,0.0,0.0,-186.37,-186.37,-186.37,2.54,0.0,0.0,0.0,-188.91,-188.91,-188.91,0.0,0.0,188.91,0.0,188.91,0.0,0.0,0.0,0.0,0.0,0.0,0.0,0.0,0.0,0.0,0.0,2024-11-15
threatened and endangered species,15.246,FY2024P12,Department of the Interior,Natural Resources and Environment,Conservation and land management,014-1109,"Management of Lands and Resources, Bureau of Land Management, Interior",13,THREATENED AND ENDANGERED SPECIES,32.0,Land and structures,D,Q,Not Designated Nonemergency/Emergency/Disaster/Wildfire Suppression,0.0,3698.11,3698.11,3698.11,3698.11,0.0,0.0,0.0,0.0,0.0,0.0,0.0,0.0,0.0,0.0,0.0,0.0,0.0,0.0,0.0,0.0,0.0,0.0,0.0,-3698.11,-3698.11,0.0,0.0,0.0,0.0,0.0,0.0,2024-11-15
threatened and endangered species,15.246,FY2024P12,Department of the Interior,Natural Resources and Environment,Conservation and land management,014-1109,"Management of Lands and Resources, Bureau of Land Management, Interior",13,THREATENED AND ENDANGERED SPECIES,41.0,"Grants, subsidies, and contributions",D,Q,Not Designated Nonemergency/Emergency/Disaster/Wildfire Suppression,5000.0,20299.24,73173.24,20299.24,73173.24,0.0,0.0,0.0,0.0,0.0,0.0,57874.0,0.0,0.0,0.0,0.0,0.0,0.0,57874.0,0.0,57874.0,0.0,0.0,0.0,-13173.24,-13173.24,0.0,0.0,0.0,0.0,0.0,0.0,2024-11-15
challenge cost share,15.943,FY2024P12,Department of the Interior,Natural Resources and Environment,Conservation and land management,014-1109,"Management of Lands and Resources, Bureau of Land Management, Interior",26,CHALLENGE COST SHARE,25.2,Other services from non-Federal sources,D,Q,Not Designated Nonemergency/Emergency/Disaster/Wildfire Suppression,17004.64,0.0,0.0,0.0,0.0,0.0,0.0,0.0,0.0,0.0,0.0,17004.64,0.0,0.0,0.0,0.0,0.0,0.0,17004.64,0.0,17004.64,0.0,0.0,0.0,0.0,0.0,0.0,0.0,0.0,0.0,0.0,0.0,2024-11-15
cooperative landscape conservation,15.669,FY2024P12,Department of the Interior,Natural Resources and Environment,Conservation and land management,014-1611,"Resource Management, United States Fish and Wildlife Service, Interior",7,COOPERATIVE LANDSCAPE CONSERVATION,11.5,Other personnel compensation,D,Q,Not Designated Nonemergency/Emergency/Disaster/Wildfire Suppression,9770.0,0.0,0.0,0.0,0.0,0.0,0.0,0.0,0.0,0.0,0.0,9770.0,0.0,0.0,0.0,0.0,0.0,0.0,9770.0,0.0,9770.0,0.0,0.0,0.0,0.0,0.0,0.0,0.0,0.0,0.0,0.0,0.0,2024-11-15
cooperative landscape conservation,15.669,FY2024P12,Department of the Interior,Natural Resources and Environment,Conservation and land management,014-1611,"Resource Management, United States Fish and Wildlife Service, Interior",7,COOPERATIVE LANDSCAPE CONSERVATION,12.1,Civilian personnel benefits,D,Q,Not Designated Nonemergency/Emergency/Disaster/Wildfire Suppression,824.56,0.0,0.0,0.0,0.0,0.0,0.0,0.0,0.0,0.0,0.0,824.56,0.0,0.0,0.0,0.0,0.0,0.0,824.56,0.0,824.56,0.0,0.0,0.0,0.0,0.0,0.0,0.0,0.0,0.0,0.0,0.0,2024-11-15
cooperative landscape conservation,15.669,FY2024P12,Department of the Interior,Natural Resources and Environment,Conservation and land management,014-1611,"Resource Management, United States Fish and Wildlife Service, Interior",7,COOPERATIVE LANDSCAPE CONSERVATION,21.0,Travel and transportation of persons,D,Q,Not Designated Nonemergency/Emergency/Disaster/Wildfire Suppression,59.64,0.0,0.0,0.0,0.0,0.0,0.0,0.0,0.0,0.0,0.0,59.64,0.0,0.0,0.0,0.0,0.0,0.0,59.64,0.0,59.64,0.0,0.0,0.0,0.0,0.0,0.0,0.0,0.0,0.0,0.0,0.0,2024-11-15
cooperative landscape conservation,15.669,FY2024P12,Department of the Interior,Natural Resources and Environment,Conservation and land management,014-1611,"Resource Management, United States Fish and Wildlife Service, Interior",7,COOPERATIVE LANDSCAPE CONSERVATION,23.1,Rental payments to GSA,D,Q,Not Designated Nonemergency/Emergency/Disaster/Wildfire Suppression,-3015.6,0.0,3015.6,0.0,3015.6,0.0,0.0,0.0,0.0,0.0,0.0,0.0,0.0,0.0,0.0,0.0,0.0,0.0,0.0,0.0,0.0,0.0,0.0,0.0,0.0,0.0,0.0,0.0,0.0,0.0,0.0,0.0,2024-11-15
cooperative landscape conservation,15.669,FY2024P12,Department of the Interior,Natural Resources and Environment,Conservation and land management,014-1611,"Resource Management, United States Fish and Wildlife Service, Interior",7,COOPERATIVE LANDSCAPE CONSERVATION,23.3,"Communications, utilities, and miscellaneous charges",D,Q,Not Designated Nonemergency/Emergency/Disaster/Wildfire Suppression,1472.69,0.0,0.0,0.0,0.0,0.0,0.0,0.0,0.0,0.0,0.0,1472.69,0.0,0.0,0.0,0.0,0.0,0.0,1472.69,0.0,1472.69,0.0,0.0,0.0,0.0,0.0,0.0,0.0,0.0,0.0,0.0,0.0,2024-11-15
cooperative landscape conservation,15.669,FY2024P12,Department of the Interior,Natural Resources and Environment,Conservation and land management,014-1611,"Resource Management, United States Fish and Wildlife Service, Interior",7,COOPERATIVE LANDSCAPE CONSERVATION,25.1,Advisory and assistance services,D,Q,Not Designated Nonemergency/Emergency/Disaster/Wildfire Suppression,0.0,0.0,18206.77,0.0,18206.77,0.0,0.0,0.0,0.0,4554.54,0.0,22761.31,0.0,0.0,0.0,0.0,0.0,0.0,22761.31,0.0,22761.31,0.0,0.0,0.0,0.0,0.0,0.0,0.0,0.0,0.0,0.0,0.0,2024-11-15
cooperative landscape conservation,15.669,FY2024P12,Department of the Interior,Natural Resources and Environment,Conservation and land management,014-1611,"Resource Management, United States Fish and Wildlife Service, Interior",7,COOPERATIVE LANDSCAPE CONSERVATION,25.2,Other services from non-Federal sources,D,Q,Not Designated Nonemergency/Emergency/Disaster/Wildfire Suppression,0.0,19109.13,17035.32,19109.13,17035.32,0.0,2187.68,2187.68,2187.68,4261.49,0.0,0.0,0.0,0.0,0.0,0.0,0.0,0.0,0.0,0.0,0.0,0.0,0.0,0.0,-6281.83,-6281.83,0.0,0.0,0.0,0.0,0.0,0.0,2024-11-15
cooperative landscape conservation,15.669,FY2024P12,Department of the Interior,Natural Resources and Environment,Conservation and land management,014-1611,"Resource Management, United States Fish and Wildlife Service, Interior",7,COOPERATIVE LANDSCAPE CONSERVATION,25.3,Other goods and services from Federal sources,D,Q,Not Designated Nonemergency/Emergency/Disaster/Wildfire Suppression,0.0,196461.3,658580.96,196461.3,658580.96,0.0,0.0,0.0,0.0,0.0,0.0,462119.66,0.0,0.0,0.0,0.0,0.0,0.0,462119.66,0.0,462119.66,0.0,0.0,0.0,-2.5,-2.5,0.0,0.0,0.0,0.0,0.0,0.0,2024-11-15
cooperative landscape conservation,15.669,FY2024P12,Department of the Interior,Natural Resources and Environment,Conservation and land management,014-1611,"Resource Management, United States Fish and Wildlife Service, Interior",7,COOPERATIVE LANDSCAPE CONSERVATION,25.7,Operation and maintenance of equipment,D,Q,Not Designated Nonemergency/Emergency/Disaster/Wildfire Suppression,0.0,5941.8,4752.84,5941.8,4752.84,0.0,0.0,0.0,0.0,1188.96,0.0,0.0,0.0,0.0,0.0,0.0,0.0,0.0,0.0,0.0,0.0,0.0,0.0,0.0,-5941.8,-5941.8,0.0,0.0,0.0,0.0,0.0,0.0,2024-11-15
cooperative landscape conservation,15.669,FY2024P12,Department of the Interior,Natural Resources and Environment,Conservation and land management,014-1611,"Resource Management, United States Fish and Wildlife Service, Interior",7,COOPERATIVE LANDSCAPE CONSERVATION,32.0,Land and structures,D,Q,Not Designated Nonemergency/Emergency/Disaster/Wildfire Suppression,0.0,0.0,451.14,0.0,451.14,0.0,0.0,0.0,0.0,112.86,0.0,564.0,0.0,0.0,0.0,0.0,0.0,0.0,564.0,0.0,564.0,0.0,0.0,0.0,0.0,0.0,0.0,0.0,0.0,0.0,0.0,0.0,2024-11-15
cooperative landscape conservation,15.669,FY2024P12,Department of the Interior,Natural Resources and Environment,Conservation and land management,014-1611,"Resource Management, United States Fish and Wildlife Service, Interior",7,COOPERATIVE LANDSCAPE CONSERVATION,41.0,"Grants, subsidies, and contributions",D,Q,Not Designated Nonemergency/Emergency/Disaster/Wildfire Suppression,0.0,883689.64,1118065.66,883689.64,1118065.66,0.0,58965.06,58965.06,58965.06,85838.39,0.0,261249.35,0.0,0.0,0.0,0.0,0.0,0.0,261249.35,0.0,261249.35,0.0,0.0,0.0,-15531.08,-15531.08,0.0,0.0,0.0,0.0,0.0,0.0,2024-11-15
great lakes restoration,15.662,FY2024P12,Department of the Interior,Natural Resources and Environment,Conservation and land management,014-1611,"Resource Management, United States Fish and Wildlife Service, Interior",801,GREAT LAKES RESTORATION INITIATIVE,11.1,Full-time permanent,R,Q,Not Designated Nonemergency/Emergency/Disaster/Wildfire Suppression,11072753.43,0.0,0.0,0.0,0.0,0.0,0.0,0.0,0.0,0.0,0.0,11072753.43,0.0,0.0,0.0,0.0,0.0,0.0,11072753.43,0.0,11072753.43,0.0,0.0,0.0,0.0,0.0,0.0,0.0,0.0,0.0,0.0,0.0,2024-11-15
great lakes restoration,15.662,FY2024P12,Department of the Interior,Natural Resources and Environment,Conservation and land management,014-1611,"Resource Management, United States Fish and Wildlife Service, Interior",801,GREAT LAKES RESTORATION INITIATIVE,11.3,Other than full-time permanent,R,Q,Not Designated Nonemergency/Emergency/Disaster/Wildfire Suppression,2969281.54,0.0,0.0,0.0,0.0,0.0,0.0,0.0,0.0,0.0,0.0,2969281.54,0.0,0.0,0.0,0.0,0.0,0.0,2969281.54,0.0,2969281.54,0.0,0.0,0.0,0.0,0.0,0.0,0.0,0.0,0.0,0.0,0.0,2024-11-15
great lakes restoration,15.662,FY2024P12,Department of the Interior,Natural Resources and Environment,Conservation and land management,014-1611,"Resource Management, United States Fish and Wildlife Service, Interior",801,GREAT LAKES RESTORATION INITIATIVE,11.5,Other personnel compensation,R,Q,Not Designated Nonemergency/Emergency/Disaster/Wildfire Suppression,549926.53,0.0,0.0,0.0,0.0,0.0,0.0,0.0,0.0,0.0,0.0,549926.53,0.0,0.0,0.0,0.0,0.0,0.0,549926.53,0.0,549926.53,0.0,0.0,0.0,0.0,0.0,0.0,0.0,0.0,0.0,0.0,0.0,2024-11-15
great lakes restoration,15.662,FY2024P12,Department of the Interior,Natural Resources and Environment,Conservation and land management,014-1611,"Resource Management, United States Fish and Wildlife Service, Interior",801,GREAT LAKES RESTORATION INITIATIVE,12.1,Civilian personnel benefits,R,Q,Not Designated Nonemergency/Emergency/Disaster/Wildfire Suppression,5630842.04,0.0,0.0,0.0,0.0,0.0,0.0,0.0,0.0,0.0,0.0,5630842.04,0.0,0.0,0.0,0.0,0.0,0.0,5630842.04,0.0,5630842.04,0.0,0.0,0.0,0.0,0.0,0.0,0.0,0.0,0.0,0.0,0.0,2024-11-15
great lakes restoration,15.662,FY2024P12,Department of the Interior,Natural Resources and Environment,Conservation and land management,014-1611,"Resource Management, United States Fish and Wildlife Service, Interior",801,GREAT LAKES RESTORATION INITIATIVE,21.0,Travel and transportation of persons,R,Q,Not Designated Nonemergency/Emergency/Disaster/Wildfire Suppression,843475.56,0.0,0.0,0.0,0.0,0.0,0.0,0.0,0.0,0.0,0.0,843475.56,0.0,0.0,0.0,0.0,0.0,0.0,843475.56,0.0,843475.56,0.0,0.0,0.0,0.0,0.0,0.0,0.0,0.0,0.0,0.0,0.0,2024-11-15
great lakes restoration,15.662,FY2024P12,Department of the Interior,Natural Resources and Environment,Conservation and land management,014-1611,"Resource Management, United States Fish and Wildlife Service, Interior",801,GREAT LAKES RESTORATION INITIATIVE,22.0,Transportation of things,R,Q,Not Designated Nonemergency/Emergency/Disaster/Wildfire Suppression,185221.29,40276.03,25522.06,40276.03,25522.06,0.0,295.0,295.0,295.0,0.0,0.0,170172.32,0.0,0.0,0.0,0.0,0.0,0.0,170172.32,0.0,170172.32,0.0,0.0,0.0,0.0,0.0,0.0,0.0,0.0,0.0,0.0,0.0,2024-11-15
great lakes restoration,15.662,FY2024P12,Department of the Interior,Natural Resources and Environment,Conservation and land management,014-1611,"Resource Management, United States Fish and Wildlife Service, Interior",801,GREAT LAKES RESTORATION INITIATIVE,23.3,"Communications, utilities, and miscellaneous charges",R,Q,Not Designated Nonemergency/Emergency/Disaster/Wildfire Suppression,380655.36,0.0,250.0,0.0,250.0,0.0,0.0,0.0,0.0,0.0,0.0,380905.36,0.0,0.0,0.0,0.0,0.0,0.0,380905.36,0.0,380905.36,0.0,0.0,0.0,0.0,0.0,0.0,0.0,0.0,0.0,0.0,0.0,2024-11-15
great lakes restoration,15.662,FY2024P12,Department of the Interior,Natural Resources and Environment,Conservation and land management,014-1611,"Resource Management, United States Fish and Wildlife Service, Interior",801,GREAT LAKES RESTORATION INITIATIVE,24.0,Printing and reproduction,R,Q,Not Designated Nonemergency/Emergency/Disaster/Wildfire Suppression,8156.14,0.0,0.0,0.0,0.0,0.0,0.0,0.0,0.0,0.0,0.0,8156.14,0.0,0.0,0.0,0.0,0.0,0.0,8156.14,0.0,8156.14,0.0,0.0,0.0,0.0,0.0,0.0,0.0,0.0,0.0,0.0,0.0,2024-11-15
great lakes restoration,15.662,FY2024P12,Department of the Interior,Natural Resources and Environment,Conservation and land management,014-1611,"Resource Management, United States Fish and Wildlife Service, Interior",801,GREAT LAKES RESTORATION INITIATIVE,25.1,Advisory and assistance services,R,Q,Not Designated Nonemergency/Emergency/Disaster/Wildfire Suppression,397454.38,331234.98,50800.0,331234.98,50800.0,0.0,0.0,0.0,0.0,0.0,0.0,117019.4,0.0,0.0,0.0,0.0,0.0,0.0,117019.4,0.0,117019.4,0.0,0.0,0.0,0.0,0.0,0.0,0.0,0.0,0.0,0.0,0.0,2024-11-15
great lakes restoration,15.662,FY2024P12,Department of the Interior,Natural Resources and Environment,Conservation and land management,014-1611,"Resource Management, United States Fish and Wildlife Service, Interior",801,GREAT LAKES RESTORATION INITIATIVE,25.2,Other services from non-Federal sources,R,Q,Not Designated Nonemergency/Emergency/Disaster/Wildfire Suppression,1819782.66,1335848.54,1068366.48,1335848.54,1068366.48,0.0,0.0,0.0,0.0,0.0,0.0,1552300.6,0.0,0.0,0.0,0.0,0.0,0.0,1552300.6,0.0,1552300.6,0.0,0.0,0.0,-17366.47,-17366.47,0.0,0.0,0.0,0.0,0.0,0.0,2024-11-15
great lakes restoration,15.662,FY2024P12,Department of the Interior,Natural Resources and Environment,Conservation and land management,014-1611,"Resource Management, United States Fish and Wildlife Service, Interior",801,GREAT LAKES RESTORATION INITIATIVE,25.3,Other goods and services from Federal sources,R,Q,Not Designated Nonemergency/Emergency/Disaster/Wildfire Suppression,3098175.4,1107715.4,1124058.66,1107715.4,1124058.66,0.0,0.0,0.0,0.0,0.0,0.0,3114518.66,0.0,0.0,0.0,0.0,0.0,0.0,3114518.66,0.0,3114518.66,0.0,0.0,0.0,-81548.49,-81548.49,0.0,0.0,0.0,0.0,0.0,0.0,2024-11-15
great lakes restoration,15.662,FY2024P12,Department of the Interior,Natural Resources and Environment,Conservation and land management,014-1611,"Resource Management, United States Fish and Wildlife Service, Interior",801,GREAT LAKES RESTORATION INITIATIVE,25.4,Operation and maintenance of facilities,R,Q,Not Designated Nonemergency/Emergency/Disaster/Wildfire Suppression,56933.26,22000.0,0.0,22000.0,0.0,0.0,0.0,0.0,0.0,0.0,0.0,34933.26,0.0,0.0,0.0,0.0,0.0,0.0,34933.26,0.0,34933.26,0.0,0.0,0.0,0.0,0.0,0.0,0.0,0.0,0.0,0.0,0.0,2024-11-15
great lakes restoration,15.662,FY2024P12,Department of the Interior,Natural Resources and Environment,Conservation and land management,014-1611,"Resource Management, United States Fish and Wildlife Service, Interior",801,GREAT LAKES RESTORATION INITIATIVE,25.5,Research and development contracts,R,Q,Not Designated Nonemergency/Emergency/Disaster/Wildfire Suppression,10000.0,0.0,0.0,0.0,0.0,0.0,0.0,0.0,0.0,0.0,0.0,10000.0,0.0,0.0,0.0,0.0,0.0,0.0,10000.0,0.0,10000.0,0.0,0.0,0.0,0.0,0.0,0.0,0.0,0.0,0.0,0.0,0.0,2024-11-15
great lakes restoration,15.662,FY2024P12,Department of the Interior,Natural Resources and Environment,Conservation and land management,014-1611,"Resource Management, United States Fish and Wildlife Service, Interior",801,GREAT LAKES RESTORATION INITIATIVE,25.6,Medical care,R,Q,Not Designated Nonemergency/Emergency/Disaster/Wildfire Suppression,21486.17,11190.0,47680.0,11190.0,47680.0,0.0,0.0,0.0,0.0,0.0,0.0,57976.17,0.0,0.0,0.0,0.0,0.0,0.0,57976.17,0.0,57976.17,0.0,0.0,0.0,0.0,0.0,0.0,0.0,0.0,0.0,0.0,0.0,2024-11-15
great lakes restoration,15.662,FY2024P12,Department of the Interior,Natural Resources and Environment,Conservation and land management,014-1611,"Resource Management, United States Fish and Wildlife Service, Interior",801,GREAT LAKES RESTORATION INITIATIVE,25.7,Operation and maintenance of equipment,R,Q,Not Designated Nonemergency/Emergency/Disaster/Wildfire Suppression,464866.93,43055.08,61018.39,43055.08,61018.39,0.0,0.0,0.0,0.0,0.0,0.0,482830.24,0.0,0.0,0.0,0.0,0.0,0.0,482830.24,0.0,482830.24,0.0,0.0,0.0,-3871.8,-3871.8,0.0,0.0,0.0,0.0,0.0,0.0,2024-11-15
great lakes restoration,15.662,FY2024P12,Department of the Interior,Natural Resources and Environment,Conservation and land management,014-1611,"Resource Management, United States Fish and Wildlife Service, Interior",801,GREAT LAKES RESTORATION INITIATIVE,26.0,Supplies and materials,R,Q,Not Designated Nonemergency/Emergency/Disaster/Wildfire Suppression,3549614.64,115928.24,116381.04,115928.24,116381.04,0.0,0.0,0.0,0.0,0.0,0.0,3550067.44,0.0,0.0,0.0,0.0,0.0,0.0,3550067.44,0.0,3550067.44,0.0,0.0,0.0,-1588.74,-1588.74,0.0,0.0,0.0,0.0,0.0,0.0,2024-11-15
great lakes restoration,15.662,FY2024P12,Department of the Interior,Natural Resources and Environment,Conservation and land management,014-1611,"Resource Management, United States Fish and Wildlife Service, Interior",801,GREAT LAKES RESTORATION INITIATIVE,31.0,Equipment,R,Q,Not Designated Nonemergency/Emergency/Disaster/Wildfire Suppression,2401726.02,454622.58,2483979.34,454622.58,2483979.34,0.0,0.0,0.0,0.0,0.0,0.0,4431082.78,0.0,0.0,0.0,0.0,0.0,0.0,4431082.78,0.0,4431082.78,0.0,0.0,0.0,0.0,0.0,0.0,0.0,0.0,0.0,0.0,0.0,2024-11-15
great lakes restoration,15.662,FY2024P12,Department of the Interior,Natural Resources and Environment,Conservation and land management,014-1611,"Resource Management, United States Fish and Wildlife Service, Interior",801,GREAT LAKES RESTORATION INITIATIVE,32.0,Land and structures,R,Q,Not Designated Nonemergency/Emergency/Disaster/Wildfire Suppression,3009367.67,3390405.03,2021944.0,3390405.03,2021944.0,0.0,0.0,0.0,0.0,0.0,0.0,1640906.64,0.0,0.0,0.0,0.0,0.0,0.0,1640906.64,0.0,1640906.64,0.0,0.0,0.0,0.0,0.0,0.0,0.0,0.0,0.0,0.0,0.0,2024-11-15
great lakes restoration,15.662,FY2024P12,Department of the Interior,Natural Resources and Environment,Conservation and land management,014-1611,"Resource Management, United States Fish and Wildlife Service, Interior",801,GREAT LAKES RESTORATION INITIATIVE,41.0,"Grants, subsidies, and contributions",R,Q,Not Designated Nonemergency/Emergency/Disaster/Wildfire Suppression,36671042.29,86449070.03,82385557.15,86449070.03,82385557.15,0.0,0.0,0.0,0.0,0.0,0.0,32607529.41,0.0,0.0,0.0,0.0,0.0,0.0,32607529.41,0.0,32607529.41,0.0,0.0,0.0,-328683.17,-328683.17,0.0,0.0,0.0,0.0,0.0,0.0,2024-11-15
highlands conservation,15.667,FY2024P12,Department of the Interior,Natural Resources and Environment,Conservation and land management,014-5020,"Land Acquisition, United States Fish and Wildlife Service",4,HIGHLANDS CONSERVATION ACT,11.1,Full-time permanent,D,Q,Not Designated Nonemergency/Emergency/Disaster/Wildfire Suppression,220817.0,0.0,0.0,0.0,0.0,0.0,12417.14,12417.14,12417.14,11265.56,0.0,219665.42,0.0,0.0,0.0,0.0,0.0,0.0,219665.42,0.0,219665.42,0.0,0.0,0.0,0.0,0.0,0.0,0.0,0.0,0.0,0.0,0.0,2024-11-15
highlands conservation,15.667,FY2024P12,Department of the Interior,Natural Resources and Environment,Conservation and land management,014-5020,"Land Acquisition, United States Fish and Wildlife Service",4,HIGHLANDS CONSERVATION ACT,11.3,Other than full-time permanent,D,Q,Not Designated Nonemergency/Emergency/Disaster/Wildfire Suppression,4368.68,0.0,0.0,0.0,0.0,0.0,1068.03,1068.03,1068.03,287.16,0.0,3587.81,0.0,0.0,0.0,0.0,0.0,0.0,3587.81,0.0,3587.81,0.0,0.0,0.0,0.0,0.0,0.0,0.0,0.0,0.0,0.0,0.0,2024-11-15
highlands conservation,15.667,FY2024P12,Department of the Interior,Natural Resources and Environment,Conservation and land management,014-5020,"Land Acquisition, United States Fish and Wildlife Service",4,HIGHLANDS CONSERVATION ACT,11.5,Other personnel compensation,D,Q,Not Designated Nonemergency/Emergency/Disaster/Wildfire Suppression,4869.0,0.0,0.0,0.0,0.0,0.0,0.0,0.0,0.0,0.0,0.0,4869.0,0.0,0.0,0.0,0.0,0.0,0.0,4869.0,0.0,4869.0,0.0,0.0,0.0,0.0,0.0,0.0,0.0,0.0,0.0,0.0,0.0,2024-11-15
highlands conservation,15.667,FY2024P12,Department of the Interior,Natural Resources and Environment,Conservation and land management,014-5020,"Land Acquisition, United States Fish and Wildlife Service",4,HIGHLANDS CONSERVATION ACT,12.1,Civilian personnel benefits,D,Q,Not Designated Nonemergency/Emergency/Disaster/Wildfire Suppression,90465.51,0.0,0.0,0.0,0.0,0.0,5222.58,5222.58,5222.58,4449.17,0.0,89692.1,0.0,0.0,0.0,0.0,0.0,0.0,89692.1,0.0,89692.1,0.0,0.0,0.0,0.0,0.0,0.0,0.0,0.0,0.0,0.0,0.0,2024-11-15
highlands conservation,15.667,FY2024P12,Department of the Interior,Natural Resources and Environment,Conservation and land management,014-5020,"Land Acquisition, United States Fish and Wildlife Service",4,HIGHLANDS CONSERVATION ACT,21.0,Travel and transportation of persons,D,Q,Not Designated Nonemergency/Emergency/Disaster/Wildfire Suppression,5848.27,0.0,0.0,0.0,0.0,0.0,0.0,0.0,0.0,0.0,0.0,5848.27,0.0,0.0,0.0,0.0,0.0,0.0,5848.27,0.0,5848.27,0.0,0.0,0.0,0.0,0.0,0.0,0.0,0.0,0.0,0.0,0.0,2024-11-15
highlands conservation,15.667,FY2024P12,Department of the Interior,Natural Resources and Environment,Conservation and land management,014-5020,"Land Acquisition, United States Fish and Wildlife Service",4,HIGHLANDS CONSERVATION ACT,23.3,"Communications, utilities, and miscellaneous charges",D,Q,Not Designated Nonemergency/Emergency/Disaster/Wildfire Suppression,711.03,0.0,0.0,0.0,0.0,0.0,0.0,0.0,0.0,0.0,0.0,711.03,0.0,0.0,0.0,0.0,0.0,0.0,711.03,0.0,711.03,0.0,0.0,0.0,0.0,0.0,0.0,0.0,0.0,0.0,0.0,0.0,2024-11-15
highlands conservation,15.667,FY2024P12,Department of the Interior,Natural Resources and Environment,Conservation and land management,014-5020,"Land Acquisition, United States Fish and Wildlife Service",4,HIGHLANDS CONSERVATION ACT,25.2,Other services from non-Federal sources,D,Q,Not Designated Nonemergency/Emergency/Disaster/Wildfire Suppression,3347.5,2135.75,0.0,2135.75,0.0,0.0,364.25,364.25,364.25,0.0,0.0,847.5,0.0,0.0,0.0,0.0,0.0,0.0,847.5,0.0,847.5,0.0,0.0,0.0,0.0,0.0,0.0,0.0,0.0,0.0,0.0,0.0,2024-11-15
highlands conservation,15.667,FY2024P12,Department of the Interior,Natural Resources and Environment,Conservation and land management,014-5020,"Land Acquisition, United States Fish and Wildlife Service",4,HIGHLANDS CONSERVATION ACT,26.0,Supplies and materials,D,Q,Not Designated Nonemergency/Emergency/Disaster/Wildfire Suppression,118.04,0.0,0.0,0.0,0.0,0.0,0.0,0.0,0.0,0.0,0.0,118.04,0.0,0.0,0.0,0.0,0.0,0.0,118.04,0.0,118.04,0.0,0.0,0.0,0.0,0.0,0.0,0.0,0.0,0.0,0.0,0.0,2024-11-15
highlands conservation,15.667,FY2024P12,Department of the Interior,Natural Resources and Environment,Conservation and land management,014-5020,"Land Acquisition, United States Fish and Wildlife Service",4,HIGHLANDS CONSERVATION ACT,31.0,Equipment,D,Q,Not Designated Nonemergency/Emergency/Disaster/Wildfire Suppression,3393.93,0.0,0.0,0.0,0.0,0.0,0.0,0.0,0.0,0.0,0.0,3393.93,0.0,0.0,0.0,0.0,0.0,0.0,3393.93,0.0,3393.93,0.0,0.0,0.0,0.0,0.0,0.0,0.0,0.0,0.0,0.0,0.0,2024-11-15
highlands conservation,15.667,FY2024P12,Department of the Interior,Natural Resources and Environment,Conservation and land management,014-5020,"Land Acquisition, United States Fish and Wildlife Service",4,HIGHLANDS CONSERVATION ACT,41.0,"Grants, subsidies, and contributions",D,Q,Not Designated Nonemergency/Emergency/Disaster/Wildfire Suppression,8032550.0,48560912.89,41034278.88,48560912.89,41034278.88,0.0,3279768.11,3279768.11,3279768.11,3150365.12,0.0,376513.0,0.0,0.0,0.0,0.0,0.0,0.0,376513.0,0.0,376513.0,0.0,0.0,0.0,-272000.0,-272000.0,0.0,0.0,0.0,0.0,0.0,0.0,2024-11-15
american battlefield protection,15.926,FY2024P12,Department of the Interior,Natural Resources and Environment,Recreational resources,014-5035,"Land Acquisition and State Assistance, National Park Service",8,GAOA - AMERICAN BATTLEFIELD PROTECTION PROGRAM,11.1,Full-time permanent,D,Q,Not Designated Nonemergency/Emergency/Disaster/Wildfire Suppression,250998.42,0.0,0.0,0.0,0.0,0.0,22620.16,22620.16,22620.16,15008.94,0.0,243387.2,0.0,0.0,0.0,0.0,0.0,0.0,243387.2,0.0,243387.2,0.0,0.0,0.0,0.0,0.0,0.0,0.0,0.0,0.0,0.0,0.0,2024-11-15
american battlefield protection,15.926,FY2024P12,Department of the Interior,Natural Resources and Environment,Recreational resources,014-5035,"Land Acquisition and State Assistance, National Park Service",8,GAOA - AMERICAN BATTLEFIELD PROTECTION PROGRAM,11.3,Other than full-time permanent,D,Q,Not Designated Nonemergency/Emergency/Disaster/Wildfire Suppression,150755.22,0.0,0.0,0.0,0.0,0.0,0.0,0.0,0.0,0.0,0.0,150755.22,0.0,0.0,0.0,0.0,0.0,0.0,150755.22,0.0,150755.22,0.0,0.0,0.0,0.0,0.0,0.0,0.0,0.0,0.0,0.0,0.0,2024-11-15
american battlefield protection,15.926,FY2024P12,Department of the Interior,Natural Resources and Environment,Recreational resources,014-5035,"Land Acquisition and State Assistance, National Park Service",8,GAOA - AMERICAN BATTLEFIELD PROTECTION PROGRAM,11.5,Other personnel compensation,D,Q,Not Designated Nonemergency/Emergency/Disaster/Wildfire Suppression,392.96,0.0,0.0,0.0,0.0,0.0,0.0,0.0,0.0,0.0,0.0,392.96,0.0,0.0,0.0,0.0,0.0,0.0,392.96,0.0,392.96,0.0,0.0,0.0,0.0,0.0,0.0,0.0,0.0,0.0,0.0,0.0,2024-11-15
american battlefield protection,15.926,FY2024P12,Department of the Interior,Natural Resources and Environment,Recreational resources,014-5035,"Land Acquisition and State Assistance, National Park Service",8,GAOA - AMERICAN BATTLEFIELD PROTECTION PROGRAM,12.1,Civilian personnel benefits,D,Q,Not Designated Nonemergency/Emergency/Disaster/Wildfire Suppression,160316.94,0.0,0.0,0.0,0.0,0.0,9228.37,9228.37,9228.37,6024.83,0.0,157113.4,0.0,0.0,0.0,0.0,0.0,0.0,157113.4,0.0,157113.4,0.0,0.0,0.0,0.0,0.0,0.0,0.0,0.0,0.0,0.0,0.0,2024-11-15
american battlefield protection,15.926,FY2024P12,Department of the Interior,Natural Resources and Environment,Recreational resources,014-5035,"Land Acquisition and State Assistance, National Park Service",8,GAOA - AMERICAN BATTLEFIELD PROTECTION PROGRAM,21.0,Travel and transportation of persons,D,Q,Not Designated Nonemergency/Emergency/Disaster/Wildfire Suppression,424.15,0.0,0.0,0.0,0.0,0.0,0.0,0.0,0.0,0.0,0.0,424.15,0.0,0.0,0.0,0.0,0.0,0.0,424.15,0.0,424.15,0.0,0.0,0.0,0.0,0.0,0.0,0.0,0.0,0.0,0.0,0.0,2024-11-15
american battlefield protection,15.926,FY2024P12,Department of the Interior,Natural Resources and Environment,Recreational resources,014-5035,"Land Acquisition and State Assistance, National Park Service",8,GAOA - AMERICAN BATTLEFIELD PROTECTION PROGRAM,25.2,Other services from non-Federal sources,D,Q,Not Designated Nonemergency/Emergency/Disaster/Wildfire Suppression,56337.4,41143.2,53408.37,41143.2,53408.37,0.0,15194.2,15194.2,15194.2,23775.37,0.0,77183.74,0.0,0.0,0.0,0.0,0.0,0.0,77183.74,0.0,77183.74,0.0,0.0,0.0,0.0,0.0,0.0,0.0,0.0,0.0,0.0,0.0,2024-11-15
american battlefield protection,15.926,FY2024P12,Department of the Interior,Natural Resources and Environment,Recreational resources,014-5035,"Land Acquisition and State Assistance, National Park Service",8,GAOA - AMERICAN BATTLEFIELD PROTECTION PROGRAM,25.3,Other goods and services from Federal sources,D,Q,Not Designated Nonemergency/Emergency/Disaster/Wildfire Suppression,0.0,9505.2,9505.2,9505.2,9505.2,0.0,0.0,0.0,0.0,0.0,0.0,0.0,0.0,0.0,0.0,0.0,0.0,0.0,0.0,0.0,0.0,0.0,0.0,0.0,-9505.2,-9505.2,0.0,0.0,0.0,0.0,0.0,0.0,2024-11-15
american battlefield protection,15.926,FY2024P12,Department of the Interior,Natural Resources and Environment,Recreational resources,014-5035,"Land Acquisition and State Assistance, National Park Service",8,GAOA - AMERICAN BATTLEFIELD PROTECTION PROGRAM,41.0,"Grants, subsidies, and contributions",D,Q,Not Designated Nonemergency/Emergency/Disaster/Wildfire Suppression,12606114.55,10177449.0,5637359.83,10177449.0,5637359.83,0.0,1225511.34,1225511.34,1225511.34,695329.25,0.0,7535843.29,0.0,0.0,0.0,0.0,0.0,0.0,7535843.29,0.0,7535843.29,0.0,0.0,0.0,-2855.1,-2855.1,0.0,0.0,0.0,0.0,0.0,0.0,2024-11-15
save america's treasures,15.929,FY2024P12,Department of the Interior,Natural Resources and Environment,Recreational resources,014-5140,"Historic Preservation Fund, National Park Service",2,SAVE AMERICA'S TREASURES GRANTS,11.1,Full-time permanent,D,Q,Not Designated Nonemergency/Emergency/Disaster/Wildfire Suppression,126486.03,0.0,0.0,0.0,0.0,0.0,0.0,0.0,0.0,0.0,0.0,126486.03,0.0,0.0,0.0,0.0,0.0,0.0,126486.03,0.0,126486.03,0.0,0.0,0.0,0.0,0.0,0.0,0.0,0.0,0.0,0.0,0.0,2024-11-15
save america's treasures,15.929,FY2024P12,Department of the Interior,Natural Resources and Environment,Recreational resources,014-5140,"Historic Preservation Fund, National Park Service",2,SAVE AMERICA'S TREASURES GRANTS,11.3,Other than full-time permanent,D,Q,Not Designated Nonemergency/Emergency/Disaster/Wildfire Suppression,27959.88,0.0,0.0,0.0,0.0,0.0,7364.4,7364.4,7364.4,7364.4,0.0,27959.88,0.0,0.0,0.0,0.0,0.0,0.0,27959.88,0.0,27959.88,0.0,0.0,0.0,-7364.4,0.0,-7364.4,0.0,0.0,0.0,0.0,0.0,2024-11-15
save america's treasures,15.929,FY2024P12,Department of the Interior,Natural Resources and Environment,Recreational resources,014-5140,"Historic Preservation Fund, National Park Service",2,SAVE AMERICA'S TREASURES GRANTS,11.5,Other personnel compensation,D,Q,Not Designated Nonemergency/Emergency/Disaster/Wildfire Suppression,321.87,0.0,0.0,0.0,0.0,0.0,0.0,0.0,0.0,0.0,0.0,321.87,0.0,0.0,0.0,0.0,0.0,0.0,321.87,0.0,321.87,0.0,0.0,0.0,0.0,0.0,0.0,0.0,0.0,0.0,0.0,0.0,2024-11-15
save america's treasures,15.929,FY2024P12,Department of the Interior,Natural Resources and Environment,Recreational resources,014-5140,"Historic Preservation Fund, National Park Service",2,SAVE AMERICA'S TREASURES GRANTS,12.1,Civilian personnel benefits,D,Q,Not Designated Nonemergency/Emergency/Disaster/Wildfire Suppression,53183.26,0.0,0.0,0.0,0.0,0.0,2393.49,2393.49,2393.49,2393.49,0.0,53183.26,0.0,0.0,0.0,0.0,0.0,0.0,53183.26,0.0,53183.26,0.0,0.0,0.0,-2393.49,0.0,-2393.49,0.0,0.0,0.0,0.0,0.0,2024-11-15
save america's treasures,15.929,FY2024P12,Department of the Interior,Natural Resources and Environment,Recreational resources,014-5140,"Historic Preservation Fund, National Park Service",2,SAVE AMERICA'S TREASURES GRANTS,21.0,Travel and transportation of persons,D,Q,Not Designated Nonemergency/Emergency/Disaster/Wildfire Suppression,4714.05,0.0,0.0,0.0,0.0,0.0,0.0,0.0,0.0,0.0,0.0,4714.05,0.0,0.0,0.0,0.0,0.0,0.0,4714.05,0.0,4714.05,0.0,0.0,0.0,0.0,0.0,0.0,0.0,0.0,0.0,0.0,0.0,2024-11-15
save america's treasures,15.929,FY2024P12,Department of the Interior,Natural Resources and Environment,Recreational resources,014-5140,"Historic Preservation Fund, National Park Service",2,SAVE AMERICA'S TREASURES GRANTS,25.2,Other services from non-Federal sources,D,Q,Not Designated Nonemergency/Emergency/Disaster/Wildfire Suppression,173106.55,196239.27,322133.02,196239.27,322133.02,0.0,2760.0,2760.0,2760.0,0.0,0.0,296240.3,0.0,0.0,0.0,0.0,0.0,0.0,296240.3,0.0,296240.3,0.0,0.0,0.0,-40057.48,-40057.48,0.0,0.0,0.0,0.0,0.0,0.0,2024-11-15
save america's treasures,15.929,FY2024P12,Department of the Interior,Natural Resources and Environment,Recreational resources,014-5140,"Historic Preservation Fund, National Park Service",2,SAVE AMERICA'S TREASURES GRANTS,25.3,Other goods and services from Federal sources,D,Q,Not Designated Nonemergency/Emergency/Disaster/Wildfire Suppression,9204882.0,363659.83,2363.02,363659.83,2363.02,0.0,0.0,0.0,0.0,0.0,0.0,8843585.19,0.0,0.0,0.0,0.0,0.0,0.0,8843585.19,0.0,8843585.19,0.0,0.0,0.0,-214009.27,-214009.27,0.0,0.0,0.0,0.0,0.0,0.0,2024-11-15
save america's treasures,15.929,FY2024P12,Department of the Interior,Natural Resources and Environment,Recreational resources,014-5140,"Historic Preservation Fund, National Park Service",2,SAVE AMERICA'S TREASURES GRANTS,25.6,Medical care,D,Q,Not Designated Nonemergency/Emergency/Disaster/Wildfire Suppression,883.96,0.0,0.0,0.0,0.0,0.0,0.0,0.0,0.0,0.0,0.0,883.96,0.0,0.0,0.0,0.0,0.0,0.0,883.96,0.0,883.96,0.0,0.0,0.0,0.0,0.0,0.0,0.0,0.0,0.0,0.0,0.0,2024-11-15
save america's treasures,15.929,FY2024P12,Department of the Interior,Natural Resources and Environment,Recreational resources,014-5140,"Historic Preservation Fund, National Park Service",2,SAVE AMERICA'S TREASURES GRANTS,26.0,Supplies and materials,D,Q,Not Designated Nonemergency/Emergency/Disaster/Wildfire Suppression,5632.47,0.0,0.0,0.0,0.0,0.0,0.0,0.0,0.0,0.0,0.0,5632.47,0.0,0.0,0.0,0.0,0.0,0.0,5632.47,0.0,5632.47,0.0,0.0,0.0,0.0,0.0,0.0,0.0,0.0,0.0,0.0,0.0,2024-11-15
save america's treasures,15.929,FY2024P12,Department of the Interior,Natural Resources and Environment,Recreational resources,014-5140,"Historic Preservation Fund, National Park Service",2,SAVE AMERICA'S TREASURES GRANTS,41.0,"Grants, subsidies, and contributions",D,Q,Not Designated Nonemergency/Emergency/Disaster/Wildfire Suppression,16902406.0,51771580.02,42996098.7,51771580.02,42996098.7,0.0,5757803.48,5757803.48,5757803.48,4912766.98,0.0,7281888.18,0.0,0.0,0.0,0.0,0.0,0.0,7281888.18,0.0,7281888.18,0.0,0.0,0.0,-1263225.72,-1263225.72,0.0,0.0,0.0,0.0,0.0,0.0,2024-11-15
state wildlife grants,15.634,FY2024P12,Department of the Interior,Natural Resources and Environment,Conservation and land management,014-5474,"State and Tribal Wildlife Grants, U.S. Fish and Wildlife Service",1,STATE WILDLIFE GRANTS,41.0,"Grants, subsidies, and contributions",D,Q,Not Designated Nonemergency/Emergency/Disaster/Wildfire Suppression,58346386.34,111029389.19,104820068.66,111029389.19,104820068.66,0.0,7349719.21,7349719.21,7349719.21,8047461.4,0.0,52834808.0,90.0,0.0,0.0,0.0,90.0,0.0,52834898.0,0.0,52834898.0,0.0,0.0,0.0,-2817485.98,-2817485.98,0.0,0.0,0.0,0.0,0.0,0.0,2024-11-15
tribal wildlife grants,15.639,FY2024P12,Department of the Interior,Natural Resources and Environment,Conservation and land management,014-5474,"State and Tribal Wildlife Grants, U.S. Fish and Wildlife Service",3,TRIBAL WILDLIFE GRANTS,41.0,"Grants, subsidies, and contributions",D,Q,Not Designated Nonemergency/Emergency/Disaster/Wildfire Suppression,6998825.13,11318341.52,10118889.17,11318341.52,10118889.17,0.0,745981.62,745981.62,745981.62,776867.46,0.0,5830258.62,0.0,0.0,0.0,0.0,0.0,0.0,5830258.62,0.0,5830258.62,0.0,0.0,0.0,-335052.43,-335052.43,0.0,0.0,0.0,0.0,0.0,0.0,2024-11-15
san gabriel basin restoration,15.526,FY2024P12,Department of the Interior,Natural Resources and Environment,Water resources,014-5483,"San Gabriel Basin Restoration Fund, Bureau of Reclamation",1,SAN GABRIEL BASIN RESTORATION FUND (DIRECT),11.1,Full-time permanent,D,Q,Not Designated Nonemergency/Emergency/Disaster/Wildfire Suppression,2323.26,0.0,0.0,0.0,0.0,0.0,0.0,0.0,0.0,115.73,0.0,2438.99,0.0,0.0,0.0,0.0,0.0,0.0,2438.99,0.0,2438.99,0.0,0.0,0.0,0.0,0.0,0.0,0.0,0.0,0.0,0.0,0.0,2024-11-15
san gabriel basin restoration,15.526,FY2024P12,Department of the Interior,Natural Resources and Environment,Water resources,014-5483,"San Gabriel Basin Restoration Fund, Bureau of Reclamation",1,SAN GABRIEL BASIN RESTORATION FUND (DIRECT),12.1,Civilian personnel benefits,D,Q,Not Designated Nonemergency/Emergency/Disaster/Wildfire Suppression,653.44,0.0,0.0,0.0,0.0,0.0,0.0,0.0,0.0,47.33,0.0,700.77,0.0,0.0,0.0,0.0,0.0,0.0,700.77,0.0,700.77,0.0,0.0,0.0,0.0,0.0,0.0,0.0,0.0,0.0,0.0,0.0,2024-11-15
san gabriel basin restoration,15.526,FY2024P12,Department of the Interior,Natural Resources and Environment,Water resources,014-5483,"San Gabriel Basin Restoration Fund, Bureau of Reclamation",1,SAN GABRIEL BASIN RESTORATION FUND (DIRECT),25.2,Other services from non-Federal sources,D,Q,Not Designated Nonemergency/Emergency/Disaster/Wildfire Suppression,60.03,0.0,0.0,0.0,0.0,0.0,0.0,0.0,0.0,0.0,0.0,60.03,0.0,0.0,0.0,0.0,0.0,0.0,60.03,0.0,60.03,0.0,0.0,0.0,0.0,0.0,0.0,0.0,0.0,0.0,0.0,0.0,2024-11-15
san gabriel basin restoration,15.526,FY2024P12,Department of the Interior,Natural Resources and Environment,Water resources,014-5483,"San Gabriel Basin Restoration Fund, Bureau of Reclamation",1,SAN GABRIEL BASIN RESTORATION FUND (DIRECT),25.3,Other goods and services from Federal sources,D,Q,Not Designated Nonemergency/Emergency/Disaster/Wildfire Suppression,1396.67,0.0,0.0,0.0,0.0,0.0,0.0,0.0,0.0,47.96,0.0,1444.63,0.0,0.0,0.0,0.0,0.0,0.0,1444.63,0.0,1444.63,0.0,0.0,0.0,0.0,0.0,0.0,0.0,0.0,0.0,0.0,0.0,2024-11-15
san gabriel basin restoration,15.526,FY2024P12,Department of the Interior,Natural Resources and Environment,Water resources,014-5483,"San Gabriel Basin Restoration Fund, Bureau of Reclamation",1,SAN GABRIEL BASIN RESTORATION FUND (DIRECT),41.0,"Grants, subsidies, and contributions",D,Q,Not Designated Nonemergency/Emergency/Disaster/Wildfire Suppression,5500000.0,0.0,0.0,0.0,0.0,0.0,0.0,0.0,0.0,0.0,0.0,5500000.0,0.0,0.0,0.0,0.0,0.0,0.0,5500000.0,0.0,5500000.0,0.0,0.0,0.0,0.0,0.0,0.0,0.0,0.0,0.0,0.0,0.0,2024-11-15
sport fish restoration,15.605,FY2024P12,Department of the Interior,Natural Resources and Environment,Recreational resources,014-8151,"Sport Fish Restoration Account, United States Fish and Wildlife Service",1,PAYMENTS TO STATES FOR SPORT FISH RESTORATION,41.0,"Grants, subsidies, and contributions",D,Q,Not Designated Nonemergency/Emergency/Disaster/Wildfire Suppression,446636408.14,480583037.05,412683781.77,480583037.05,412683781.77,0.0,30270007.63,30270007.63,30270007.63,31683378.68,0.0,380150523.91,0.0,0.0,0.0,0.0,0.0,0.0,380150523.91,0.0,380150523.91,0.0,0.0,0.0,-34909529.19,-34909529.19,0.0,0.0,0.0,0.0,0.0,0.0,2024-11-15
coastal,15.630,FY2024P12,Department of the Interior,Natural Resources and Environment,Recreational resources,014-8151,"Sport Fish Restoration Account, United States Fish and Wildlife Service",4,COASTAL WETLANDS CONSERVATION GRANTS,41.0,"Grants, subsidies, and contributions",D,Q,Not Designated Nonemergency/Emergency/Disaster/Wildfire Suppression,10782575.0,42429255.92,46430508.5,42429255.92,46430508.5,0.0,2732581.94,2732581.94,2732581.94,3564655.19,0.0,15615900.83,0.0,0.0,0.0,0.0,0.0,0.0,15615900.83,0.0,15615900.83,0.0,0.0,0.0,-2196713.22,-2196713.22,0.0,0.0,0.0,0.0,0.0,0.0,2024-11-15
